event_id,stock_id,pub_date,pub_time,category,polarity,source,source_url,subject,clause,fact_date,excerpt,verification_state
3dffe74ea790fde2,6949,2026-09-13,07:00:03,other,,twse,https://openapi.twse.com.tw/v1/opendata/t187ap04_L,"公告本公司股票面額由「新台幣10元」變更為「新台幣0.5元」，
公告期間：115年08月06日至115年11月05日。",第51款,2026-07-13,1.事實發生日：民國115年07月13日  2.公司名稱：沛爾生技醫藥股份有限公司  3.與公司關係(請輸入本公司或子公司)：本公司  4.相互持股比例：不適用  5.發生緣由：  (1)公司面額變更核准日期/事實發生日：民國115年07月13日  (2)公司面額變更核准文號：經授商字第經授商字第11530095510號號函  (3)董事會決議通過換股計畫書日期：民國115年08月06日  (4)變更前面額：新台幣10.00  (5)變更後面額：新台幣0.50  (6)新股票上市買賣日及舊股票終止上市買賣日：民國115年09月07日  (7)換發股票時程重大訊息公告日期：民國115年08月06,unverified
1235ecaef77132d9,1721,2026-09-13,07:00:04,other,,twse,https://openapi.twse.com.tw/v1/opendata/t187ap04_L,"公告本公司名稱由「三晃股份有限公司」更名為
「國慶科技股份有限公司」
，公告期間：115年07月01日至115年9月30日。",第51款,2026-06-29,1.事實發生日：民國115年06月29日  2.公司名稱：國慶科技股份有限公司(原名：三晃股份有限公司)  3.與公司關係(請輸入本公司或子公司)：本公司  4.相互持股比例：不適用  5.發生緣由：  (1)公司名稱變更核准日期/事實發生日：民國115年06月29日  (2)公司名稱變更核准文號：11530099260  (3)更名案股東會決議通過日期：民國115年06月16日  (4)變更前公司名稱：三晃股份有限公司  (5)變更後公司名稱：國慶科技股份有限公司  (6)變更前公司簡稱：三晃  (7)變更後公司簡稱：國慶科技  6.因應措施：無  7.其他應敘明事項：(1)本公司於115/,unverified
6e3d57129a8fe187,2072,2026-09-13,07:00:04,other,,twse,https://openapi.twse.com.tw/v1/opendata/t187ap04_L,"公告本公司名稱由「世紀離岸風電設備股份有限公司」更名
為「世紀能源設備股份有限公司」，公告期間：115年8月26日至
115年11月25日。",第51款,2026-08-24,1.事實發生日：民國115年08月24日  2.公司名稱：世紀能源設備股份有限公司(原名：世紀離岸風電設備股份有限公司)  3.與公司關係(請輸入本公司或子公司)：本公司  4.相互持股比例：不適用  5.發生緣由：  (1)公司名稱變更核准日期/事實發生日：民國115年08月24日  (2)公司名稱變更核准文號：經授商字第11530130420號  (3)更名案股東會決議通過日期：民國115年08月12日  (4)變更前公司名稱：世紀離岸風電設備股份有限公司  (5)變更後公司名稱：世紀能源設備股份有限公司  (6)變更前公司簡稱：世紀風電  (7)變更後公司簡稱：世紀能源  6.因應措施：,unverified
c84cea9fc8189ec6,4747,2026-09-13,07:00:03,other,,tpex,https://www.tpex.org.tw/openapi/v1/mopsfin_t187ap04_O,"公告本公司股票面額由「新台幣10元」變更為「新台幣5元」
公告期間：115年7月22日至115年10月21日",第53款,2026-06-24,1.事實發生日：民國115年06月24日  2.公司名稱：強生化學製藥廠股份有限公司  3.與公司關係(請輸入本公司或子公司)：本公司  4.相互持股比例：不適用  5.發生緣由：  (1)公司面額變更核准日期/事實發生日：民國115年06月24日  (2)公司面額變更核准文號：經授商字第新北府經司字第1158046510號函  (3)董事會決議通過換股計畫書日期：民國115年07月22日  (4)變更前面額：新台幣10.00  (5)變更後面額：新台幣5.00  (6)新股票上市買賣日及舊股票終止上市買賣日：民國115年08月31日  (7)換發股票時程重大訊息公告日期：民國115年07月2,unverified
1bcbd24db7c49a34,5904,2026-09-13,07:00:03,other,,tpex,https://www.tpex.org.tw/openapi/v1/mopsfin_t187ap04_O,"公告本公司股票面額變更由「新台幣10元」變更為「新台幣1元」
公告期間：115年7月2日至115年10月1日",第53款,2026-06-24,1.事實發生日：民國115年06月24日  2.公司名稱：寶雅國際股份有限公司  3.與公司關係(請輸入本公司或子公司)：本公司  4.相互持股比例：不適用  5.發生緣由：  (1)公司面額變更核准日期/事實發生日：民國115年06月24日  (2)公司面額變更核准文號：經授商字第證櫃監字第1150004034號號函  (3)董事會決議通過換股計畫書日期：民國115年06月29日  (4)變更前面額：新台幣10.00  (5)變更後面額：新台幣1.00  (6)新股票上市買賣日及舊股票終止上市買賣日：民國115年08月10日  (7)換發股票時程重大訊息公告日期：民國115年07月02日重大,unverified
461695fb8dfcf544,4530,2026-09-13,07:00:04,other,,tpex,https://www.tpex.org.tw/openapi/v1/mopsfin_t187ap04_O,"公告本公司名稱由「宏易創新國際股份有限公司」
更名為「天意能創股份有限公司」，
公告期間：115年7月09日至115年10月08日。",第53款,2026-07-08,1.事實發生日：民國115年07月08日  2.公司名稱：天意能創股份有限公司(原名：宏易創新國際股份有限公司)  3.與公司關係(請輸入本公司或子公司)：本公司  4.相互持股比例：不適用  5.發生緣由：  (1)公司名稱變更核准日期/事實發生日：民國115年07月08日  (2)公司名稱變更核准文號：府產業商字第11550721810  (3)更名案股東會決議通過日期：民國115年06月24日  (4)變更前公司名稱：宏易創新國際股份有限公司  (5)變更後公司名稱：天意能創股份有限公司  (6)變更前公司簡稱：宏易  (7)變更後公司簡稱：天意  6.因應措施：無  7.其他應敘明事項,unverified
746a1fb7ae3b6658,8472,2026-09-13,07:00:04,other,,tpex,https://www.tpex.org.tw/openapi/v1/mopsfin_t187ap04_O,"公告本公司名稱由「夠麻吉股份有限公司」更名為
「納維康生技股份有限公司」，公告期間：115年6月29日
至115年9月28日",第53款,2026-06-29,1.事實發生日：民國115年06月29日  2.公司名稱：納維康生技股份有限公司(原名：夠麻吉股份有限公司)  3.與公司關係(請輸入本公司或子公司)：本公司  4.相互持股比例：不適用  5.發生緣由：  (1)公司名稱變更核准日期/事實發生日：民國115年06月29日  (2)公司名稱變更核准文號：經司字第1158046769號  (3)更名案股東會決議通過日期：民國115年05月29日  (4)變更前公司名稱：夠麻吉股份有限公司  (5)變更後公司名稱：納維康生技股份有限公司  (6)變更前公司簡稱：夠麻吉  (7)變更後公司簡稱：納維康  6.因應措施：無  7.其他應敘明事項：(1),unverified
6b15f613ec182f5d,8099,2026-09-13,10:54:47,other,negative,tpex,https://www.tpex.org.tw/openapi/v1/mopsfin_t187ap04_O,公告本公司會計主管異動,第8款,2026-09-12,1.人員變動別（請輸入發言人、代理發言人、重要營運主管 (如:執行長、營運長、行銷長及策略長等)、財務主管、會計 主管、公司治理主管、資訊安全長、研發主管、內部稽核主管或訴訟及非 訟代理人）:會計主管 2.發生變動日期:115/09/12 3.舊任者姓名、級職及簡歷:顏宗佑-本公司會計部副處長 4.新任者姓名、級職及簡歷:待董事會委任 5.異動情形（請輸入「辭職」、「職務調整」、「資遣」、 「退休」、「死亡」、「新任」或「解任」）:逝世 6.異動原因:逝世 7.生效日期:115/09/12 8.其他應敘明事項:無,unverified
9919746b7f443193,2754,2026-09-13,15:56:22,guidance,,tpex,https://www.tpex.org.tw/openapi/v1/mopsfin_t187ap04_O,公告本公司將於115年9月14日召開法人說明會,第12款,2026-09-14,符合條款第四條第XX款：12  事實發生日：115/09/14  1.召開法人說明會之日期：115/09/14  2.召開法人說明會之時間：14 時 30 分   3.召開法人說明會之地點：台北市仁愛路三段157號(元大金融廣場 3樓D廳)  4.法人說明會擇要訊息：向投資人&#35500;明本公司營運概況、財務及業務狀況  5.其他應敘明事項：無  完整財務業務資訊請至公開資訊觀測站之法人說明會一覽表或法說會項目下查閱。,unverified
9e7494ec3efdd86e,6949,2026-09-14,07:00:03,other,,twse,https://openapi.twse.com.tw/v1/opendata/t187ap04_L,"公告本公司股票面額由「新台幣10元」變更為「新台幣0.5元」，
公告期間：115年08月06日至115年11月05日。",第51款,2026-07-13,1.事實發生日：民國115年07月13日  2.公司名稱：沛爾生技醫藥股份有限公司  3.與公司關係(請輸入本公司或子公司)：本公司  4.相互持股比例：不適用  5.發生緣由：  (1)公司面額變更核准日期/事實發生日：民國115年07月13日  (2)公司面額變更核准文號：經授商字第經授商字第11530095510號號函  (3)董事會決議通過換股計畫書日期：民國115年08月06日  (4)變更前面額：新台幣10.00  (5)變更後面額：新台幣0.50  (6)新股票上市買賣日及舊股票終止上市買賣日：民國115年09月07日  (7)換發股票時程重大訊息公告日期：民國115年08月06,unverified
fad8281ba04881bd,1721,2026-09-14,07:00:03,other,,twse,https://openapi.twse.com.tw/v1/opendata/t187ap04_L,"公告本公司名稱由「三晃股份有限公司」更名為
「國慶科技股份有限公司」
，公告期間：115年07月01日至115年9月30日。",第51款,2026-06-29,1.事實發生日：民國115年06月29日  2.公司名稱：國慶科技股份有限公司(原名：三晃股份有限公司)  3.與公司關係(請輸入本公司或子公司)：本公司  4.相互持股比例：不適用  5.發生緣由：  (1)公司名稱變更核准日期/事實發生日：民國115年06月29日  (2)公司名稱變更核准文號：11530099260  (3)更名案股東會決議通過日期：民國115年06月16日  (4)變更前公司名稱：三晃股份有限公司  (5)變更後公司名稱：國慶科技股份有限公司  (6)變更前公司簡稱：三晃  (7)變更後公司簡稱：國慶科技  6.因應措施：無  7.其他應敘明事項：(1)本公司於115/,unverified
15aef3196c042630,2072,2026-09-14,07:00:03,other,,twse,https://openapi.twse.com.tw/v1/opendata/t187ap04_L,"公告本公司名稱由「世紀離岸風電設備股份有限公司」更名
為「世紀能源設備股份有限公司」，公告期間：115年8月26日至
115年11月25日。",第51款,2026-08-24,1.事實發生日：民國115年08月24日  2.公司名稱：世紀能源設備股份有限公司(原名：世紀離岸風電設備股份有限公司)  3.與公司關係(請輸入本公司或子公司)：本公司  4.相互持股比例：不適用  5.發生緣由：  (1)公司名稱變更核准日期/事實發生日：民國115年08月24日  (2)公司名稱變更核准文號：經授商字第11530130420號  (3)更名案股東會決議通過日期：民國115年08月12日  (4)變更前公司名稱：世紀離岸風電設備股份有限公司  (5)變更後公司名稱：世紀能源設備股份有限公司  (6)變更前公司簡稱：世紀風電  (7)變更後公司簡稱：世紀能源  6.因應措施：,unverified
30faeb60860b3c18,2364,2026-09-14,11:36:20,other,,twse,https://openapi.twse.com.tw/v1/opendata/t187ap04_L,澄清新聞媒體報導,第51款,2026-09-14,1.事實發生日:115/09/14 2.公司名稱:倫飛電腦實業股份有限公司 3.與公司關係(請輸入本公司或子公司):本公司 4.相互持股比例:不適用 5.傳播媒體名稱:工商時報 6.報導內容: 「…擺脫先前因中東戰事打亂客戶拉貨時程，及因應記憶體漲價而調漲產品價 格的效益陸續反映，法人看好倫飛下半年有優於上半年的出貨動能及營收表現 ，全年業績朝雙位數年成長推進可期。…」 「倫飛先前釋出對營運後市正向看法，…在往後幾年維持穩健成長走勢。…」 7.發生緣由:關於上述報導，係媒體及法人推測並非本公司發佈之訊息，謹此澄清。 有關本公司之財務及業務資訊，皆以公開資訊觀測站公告為主，特此說明。 8.因應措,unverified
204fe84acac7f6d7,3016,2026-09-14,13:32:21,governance,,twse,https://openapi.twse.com.tw/v1/opendata/t187ap04_L,本公司115年現金增資催繳公告,第51款,2026-09-14,1.事實發生日:115/09/14 2.公司名稱:嘉晶電子股份有限公司 3.與公司關係(請輸入本公司或子公司):本公司 4.相互持股比例:不適用 5.發生緣由:本公司115年現金增資認股繳款期限已於115年9月11日截止，惟有部分認股 人於繳款期限截止前，尚未繳納現金增資股款，特此催告。 6.因應措施: (1)茲依公司法第266條第3項準用第142條之規定辦理，自115年9月18日上午9點起至115 年10月19日下午3點30分止為股款催繳期間，尚未繳納股款之認股人，請於上述期間持 原繳款書至合作金庫商業銀行新竹科學園區分行暨全台各分行辦理繳款事宜，逾期未繳 款者即喪失認購新股之權利。 (2),unverified
2a8167b5f99994ec,2548,2026-09-14,13:56:48,other,,twse,https://openapi.twse.com.tw/v1/opendata/t187ap04_L,公告本公司取得新北市新莊區土地,第20款,2026-09-01,"1.標的物之名稱及性質（如坐落台中市北區ＸＸ段ＸＸ小段土地）:  (1)標的物名稱：新北市新莊區環漢段土地 (2)土地坐落：新北市新莊區環漢段土地  2.事實發生日:115/9/1~115/9/1  3.董事會通過日期: 不適用  4.其他核決日期:  核決層級:董事長核決  民國115年9月1日  5.交易單位數量（如ＸＸ平方公尺，折合ＸＸ坪）、每單位價格及交易總金額:  (1)交易單位數量：土地3,600平方公尺，約1,089坪 (2)每單位價格：每坪約新台幣105.60萬元 (3)交易總金額：新台幣1,150,000,000元  6.交易相對人及其與公司之關係（交易相對人如屬自然人，且非",unverified
8a6dd21b725e8673,3702,2026-09-14,13:58:25,other,,twse,https://openapi.twse.com.tw/v1/opendata/t187ap04_L,公告本公司受邀參加瑞銀證券(UBS)於9/15舉辦之UBS Taiwan Summit 2026,第12款,2026-09-15,符合條款第四條第XX款：12  事實發生日：115/09/15  1.召開法人說明會之日期：115/09/15  2.召開法人說明會之時間：09 時 00 分   3.召開法人說明會之地點：W Taipei Hotel (台北市信義區忠孝東路五段10號)  4.法人說明會擇要訊息：本公司受邀參加瑞銀證券(UBS)於115年09月15日舉辦之UBS Taiwan Summit 2026，會中就本公司8/18法說會已公開發佈之財務數字、經營績效等相關資訊做說明。  5.其他應敘明事項：無  完整財務業務資訊請至公開資訊觀測站之法人說明會一覽表或法說會項目下查閱。,unverified
b98688269fd8b7a3,8103,2026-09-14,14:01:21,guidance,,twse,https://openapi.twse.com.tw/v1/opendata/t187ap04_L,本公司受邀參加群益金鼎證券舉辦之法人說明會,第12款,2026-09-15,符合條款第四條第XX款：12  事實發生日：115/09/15  1.召開法人說明會之日期：115/09/15  2.召開法人說明會之時間：13 時 30 分   3.召開法人說明會之地點：台北茹曦酒店(台北市松山區敦化北路100號)  4.法人說明會擇要訊息：本公司受邀參加群益金鼎證券舉辦之法人說明會  5.其他應敘明事項：無  完整財務業務資訊請至公開資訊觀測站之法人說明會一覽表或法說會項目下查閱。,unverified
71b1f00bb9a80ec6,3711,2026-09-14,14:01:23,other,,twse,https://openapi.twse.com.tw/v1/opendata/t187ap04_L,公告本公司將受邀參加「UBS Taiwan Summit 2026」之法說訊息,第12款,2026-09-15,符合條款第四條第XX款：12  事實發生日：115/09/15  1.召開法人說明會之日期：115/09/15  2.召開法人說明會之時間：11 時 00 分   3.召開法人說明會之地點：台北W飯店  4.法人說明會擇要訊息：無。  5.其他應敘明事項：簡報檔內容與115年7月30日召開之法人說明會相同。  完整財務業務資訊請至公開資訊觀測站之法人說明會一覽表或法說會項目下查閱。,unverified
7bbcfe90a3b91723,9942,2026-09-14,14:01:50,guidance,,twse,https://openapi.twse.com.tw/v1/opendata/t187ap04_L,本公司受邀參加元大證券舉辦之線上法人說明會,第12款,2026-09-17,符合條款第四條第XX款：12  事實發生日：115/09/17  1.召開法人說明會之日期：115/09/17  2.召開法人說明會之時間：14 時 00 分   3.召開法人說明會之地點：線上法說會  4.法人說明會擇要訊息：本公司受邀參加元大證券舉辦之線上法說會，報告本公司營運狀況。  5.其他應敘明事項：無。  完整財務業務資訊請至公開資訊觀測站之法人說明會一覽表或法說會項目下查閱。,unverified
0193aa1a26e32a1e,1110,2026-09-14,14:22:06,guidance,,twse,https://openapi.twse.com.tw/v1/opendata/t187ap04_L,本公司受邀參加元大證券舉辦之線上法人說明會,第12款,2026-09-15,符合條款第四條第XX款：12  事實發生日：115/09/15  1.召開法人說明會之日期：115/09/15  2.召開法人說明會之時間：16 時 00 分   3.召開法人說明會之地點：線上法說會  4.法人說明會擇要訊息：本公司受邀參加元大證券舉辦之線上法說會，報告本公司營運狀況。  5.其他應敘明事項：無。  完整財務業務資訊請至公開資訊觀測站之法人說明會一覽表或法說會項目下查閱。,unverified
ff9b1c4e039c4a1e,6757,2026-09-14,14:30:08,guidance,,twse,https://openapi.twse.com.tw/v1/opendata/t187ap04_L,本公司受邀參加群益金鼎證券舉辦之法人說明會,第12款,2026-09-15,符合條款第四條第XX款：12  事實發生日：115/09/15  1.召開法人說明會之日期：115/09/15  2.召開法人說明會之時間：13 時 30 分   3.召開法人說明會之地點：台北茹曦酒店2F貴賓軒4（台北市松山區敦化北路100號）  4.法人說明會擇要訊息：本公司受邀參加群益金鼎證券舉辦之法人說明會，說明本公司營運概況。  5.其他應敘明事項：無  完整財務業務資訊請至公開資訊觀測站之法人說明會一覽表或法說會項目下查閱。,unverified
28156d989b21f86e,2611,2026-09-14,14:32:52,other,,twse,https://openapi.twse.com.tw/v1/opendata/t187ap04_L,本公司出售台北市中山區辦公室後續執行情形,第51款,2026-09-14,"1.事實發生日:115/09/14 2.公司名稱:志信國際股份有限公司 3.與公司關係(請輸入本公司或子公司):本公司 4.相互持股比例:不適用 5.發生緣由: (1)出售標的:台北市中山區建國北路二段33號12樓，建物面積為371.18坪    (含地下2樓3個車位32.9坪)，土地面積為30.3831坪。 (2)處分利益:預估新台幣206,807仟元。 (3)交易相對人與本公司非關係人。 6.因應措施:無。 7.其他應敘明事項(若事件發生或決議之主體係屬公開發行以上公司，本則重大訊息同時   符合證券交易法施行細則第7條第9款所定對股東權益或證券價格有重大影響之事項):  無",unverified
c412384777e5df61,1582,2026-09-14,14:33:27,other,,twse,https://openapi.twse.com.tw/v1/opendata/t187ap04_L,公告本公司受邀參加群益金鼎證券舉辦「2026年第三季投資論壇」,第12款,2026-09-15,符合條款第四條第XX款：12  事實發生日：115/09/15  1.召開法人說明會之日期：115/09/15  2.召開法人說明會之時間：15 時 00 分   3.召開法人說明會之地點：茹曦酒店(台北市松山區敦化北路100號)  4.法人說明會擇要訊息：本公司受邀參加群益金鼎證券舉辦「2026年第三季投資論壇」，說明本公司之營運概況。  5.其他應敘明事項：無  完整財務業務資訊請至公開資訊觀測站之法人說明會一覽表或法說會項目下查閱。,unverified
0da9c2dc3b38b60b,1516,2026-09-14,14:42:11,governance,negative,twse,https://openapi.twse.com.tw/v1/opendata/t187ap04_L,公告本公司董事長異動,第6款,2026-09-14,1.董事會決議日期或發生變動日期:115/09/14 2.人員別（請輸入董事長或總經理）:董事長 3.舊任者姓名:Fang Jason Kin Hoi 4.舊任者簡歷:本公司董事長 5.新任者姓名:另行公告 6.新任者簡歷:另行公告 7.異動情形（請輸入「辭職」、「解任」、「任期屆滿」、「職務調整」、「資遣」、 「退休」、「逝世」或「新任」）:辭職 8.異動原因:因個人身體健康因素，辭任董事長職務 9.新任生效日期:115/09/22 10.其他應敘明事項(若事件發生或決議之主體係屬公開發行以上公司，本則重大訊息同時    符合證券交易法施行細則第7條第6款所定對股東權益或證券價格有重大影響之,unverified
5fdf612907708688,4438,2026-09-14,14:42:32,other,negative,twse,https://openapi.twse.com.tw/v1/opendata/t187ap04_L,代子公司金漢實業股份有限公司公告財會主管異動,第8款,2026-09-14,1.人員變動別（請輸入發言人、代理發言人、重要營運主管(如:執行長、營運長、 行銷長及策略長等)、財務主管、會計主管、公司治理主管、資訊安全長、研發主管、 內部稽核主管或訴訟及非訟代理人）:財務主管及會計主管 2.發生變動日期:115/09/14 3.舊任者姓名、級職及簡歷:  陳文卿/金漢實業股份有限公司財會副總 4.新任者姓名、級職及簡歷:  待董事會通過任命後另行公告 5.異動情形（請輸入「辭職」、「職務調整」、「資遣」、「退休」、「死亡」、「新 任」或「解任」）:辭職 6.異動原因:個人生涯規劃 7.生效日期:115/09/22 8.其他應敘明事項: (1)舊任財會主管職務任職至115,unverified
a3ae0037954f5d97,2885,2026-09-14,14:45:34,other,negative,twse,https://openapi.twse.com.tw/v1/opendata/t187ap04_L,"元大金控代子公司元大證金公告
財務主管及會計主管異動",第8款,2026-09-14,1.人員變動別（請輸入發言人、代理發言人、重要營運主管(如:執行長、營運長、 行銷長及策略長等)、財務主管、會計主管、公司治理主管、資訊安全長、研發主管、 內部稽核主管或訴訟及非訟代理人）:財務主管及會計主管 2.發生變動日期:115/09/14 3.舊任者姓名、級職及簡歷:鐘美玲/ 元大證券金融股份有限公司資深副理 4.新任者姓名、級職及簡歷:孫文宏/ (1)元大證券金融股份有限公司協理 (2)元大商業銀行股份有限公司資深經理 (3)元大商業銀行股份有限公司經理 5.異動情形（請輸入「辭職」、「職務調整」、「資遣」、「退休」、「死亡」、「新 任」或「解任」）:辭職 6.異動原因:辭職 7.生,unverified
8021a3998bb52545,3481,2026-09-14,14:47:20,other,,twse,https://openapi.twse.com.tw/v1/opendata/t187ap04_L,"代重要子公司Innolux Hong Kong Holding Limited
公告股東會重要決議事項",第18款,2026-09-14,1.股東常會日期:115/09/14 2.重要決議事項一、盈餘分配或盈虧撥補:無 3.重要決議事項二、章程修訂:無 4.重要決議事項三、營業報告書及財務報表:承認2025年度財務報表 5.重要決議事項四、董監事選舉:無 6.重要決議事項五、其他事項:通過續聘會計師 7.其他應敘明事項:無,unverified
f912a816219e56b7,2305,2026-09-14,15:02:14,other,,twse,https://openapi.twse.com.tw/v1/opendata/t187ap04_L,"因本公司有價證券於集中交易市場達公布注意交易資訊標準，
故公布相關財務業務等重大訊息，以利投資人區別瞭解",第51款,2026-09-14,1.事實發生日:115/09/14 2.發生緣由:依台灣證券交易所(股)公司指示辦理 3.財務業務資訊:   期間           (月)                  (季)           (最近四季累計)          最近一月   與去年同期  最近一季  與去年同期   (115年2季至 科目    (115年07月)    增減％   (115年2季)   增減％      114年3季)         合併自結數             合併核閱數              合併核閱數         ---------- ----------- -------,unverified
2b37de67c01d111c,3229,2026-09-14,15:03:01,other,,twse,https://openapi.twse.com.tw/v1/opendata/t187ap04_L,"係因本公司有價證券於集中交易市場達公布注意交易資訊
標準，故公布相關財務業務等重大訊息，以利投資人區別瞭解。",第51款,2026-09-14,1.事實發生日:115/09/14 2.發生緣由:依據台灣證券交易所通知辦理重大訊息。 3.財務業務資訊:   期間                 (月)                     (季)           (最近四季累計) =============  ===================== =====================  =================                 最近一月    與去年同  最近一季     與去年同     114年第3季至   科目         (115年08月)  期增減%　(115年第2季)  期增減,unverified
5740a29ac0cbae46,9939,2026-09-14,15:15:09,other,,twse,https://openapi.twse.com.tw/v1/opendata/t187ap04_L,本公司受邀參加群益金鼎證卷所舉辦之第三季投資論壇,第12款,2026-09-15,符合條款第四條第XX款：12  事實發生日：115/09/15  1.召開法人說明會之日期：115/09/15  2.召開法人說明會之時間：15 時 00 分   3.召開法人說明會之地點：台北茹曦酒店2F（台北市松山區敦化北路100號）  4.法人說明會擇要訊息：公司簡介財務、業務及相關資訊作業說明  5.其他應敘明事項：無  完整財務業務資訊請至公開資訊觀測站之法人說明會一覽表或法說會項目下查閱。,unverified
447623d95d0e880b,9802,2026-09-14,15:18:09,guidance,,twse,https://openapi.twse.com.tw/v1/opendata/t187ap04_L,公告本公司受邀參加統一證券舉辦之法人說明會,第12款,2026-09-17,符合條款第四條第XX款：12  事實發生日：115/09/17  1.召開法人說明會之日期：115/09/17  2.召開法人說明會之時間：14 時 00 分   3.召開法人說明會之地點：統一證券總公司15F會議室(台北市松山區東興路8號15F)  4.法人說明會擇要訊息：受邀參加統一證券舉辦之法人說明會，就本公司財務及業務相關資訊做說明。  5.其他應敘明事項：無。  完整財務業務資訊請至公開資訊觀測站之法人說明會一覽表或法說會項目下查閱。,unverified
0d80ea04ddcb673a,4764,2026-09-14,15:26:19,governance,,twse,https://openapi.twse.com.tw/v1/opendata/t187ap04_L,公告本公司115年現金增資收足股款暨增資基準日,第51款,2026-09-14,"1.事實發生日:115/09/14 2.公司名稱:雙鍵化工股份有限公司 3.與公司關係(請輸入本公司或子公司):本公司 4.相互持股比例:不適用 5.發生緣由: 本公司115年現金增資發行新股6,000,000股，每股發行價格新臺幣169元，實收股款 總額新臺幣1,014,000,000元，業已全數收足，並訂定115年09月14日為增資基準日。 6.因應措施:無 7.其他應敘明事項(若事件發生或決議之主體係屬公開發行以上公司，本則重大訊息同時   符合證券交易法施行細則第7條第9款所定對股東權益或證券價格有重大影響之事項): 預定股款繳納憑證上市日期為115年09月17日。",unverified
a4de2ab48bbfb074,2836,2026-09-14,15:40:20,guidance,,twse,https://openapi.twse.com.tw/v1/opendata/t187ap04_L,公告本公司召開2026年第2季法人說明會,第12款,2026-09-16,符合條款第四條第XX款：12  事實發生日：115/09/16  1.召開法人說明會之日期：115/09/16  2.召開法人說明會之時間：14 時 30 分   3.召開法人說明會之地點：高雄銀行總行7樓會議室(高雄市左營區博愛二路168號7樓)  4.法人說明會擇要訊息：2026年第2季法人說明會  5.其他應敘明事項：無。  完整財務業務資訊請至公開資訊觀測站之法人說明會一覽表或法說會項目下查閱。,unverified
ab3f09c4ee5ca4b3,6282,2026-09-14,15:41:49,other,,twse,https://openapi.twse.com.tw/v1/opendata/t187ap04_L,公告受邀參加群益證券舉辦之投資論壇,第12款,2026-09-15,符合條款第四條第XX款：12  事實發生日：115/09/15  1.召開法人說明會之日期：115/09/15  2.召開法人說明會之時間：13 時 30 分   3.召開法人說明會之地點：台北茹曦酒店2F(台北市松山區敦化北路100號)  4.法人說明會擇要訊息：受邀參加群益證券舉辦之投資論壇  5.其他應敘明事項：完整財務業務資訊請至公開資訊觀測站之法人說明會一覽表或法說會項目下查閱。  完整財務業務資訊請至公開資訊觀測站之法人說明會一覽表或法說會項目下查閱。,unverified
86f9298127eadeb2,5880,2026-09-14,15:45:32,target,,twse,https://openapi.twse.com.tw/v1/opendata/t187ap04_L,公告本公司暨主要子公司115年8月份自結合併盈餘,第51款,2026-09-14,1.事實發生日:115/09/14 2.公司名稱:合作金庫金融控股股份有限公司 3.與公司關係(請輸入本公司或子公司):本公司 4.相互持股比例:無 5.發生緣由:同主旨 6.因應措施:不適用 7.其他應敘明事項(若事件發生或決議之主體係屬公開發行以上公司，本則重大訊息同時   符合證券交易法施行細則第7條第9款所定對股東權益或證券價格有重大影響之事項):                 當月自結  當月自結  累計稅前  累計稅後  累計每股                 稅前淨利  稅後淨利    淨利      淨利    稅後淨利                  (億元)    (,unverified
01b01f7653a9360f,5215,2026-09-14,15:47:06,governance,,twse,https://openapi.twse.com.tw/v1/opendata/t187ap04_L,"代子公司蘇州嘉吉/科德/嘉財/艾普來/百宏/嘉皇/嘉駿 
公告一年內累積處分同一有價證券達實收資本額20%",第20款,2026-09-14,"1.證券名稱:  上海證券交易所一天期國債逆回購GC001，代碼204001  2.交易日期:115/9/14~115/9/14  3.董事會通過日期: 不適用  4.其他核決日期:  核決層級:董事長核決  民國115年9月14日  5.交易數量、每單位價格及交易總金額:  艾普來：84,150單位，均價：1.020%，  百宏：85,830單位，均價：1.005%，  嘉財：757,990單位，均價：1.000%，  嘉皇：138,360單位，均價：1.025%  嘉吉：121,340單位，均價：1.005%  科德：127,560單位，均價：1.010%，  嘉駿：371,610單位，均",unverified
f8ef110b401308e7,5215,2026-09-14,15:47:19,other,,twse,https://openapi.twse.com.tw/v1/opendata/t187ap04_L,"代子公司蘇州嘉吉/科德/嘉財/艾普來/百宏/嘉皇/嘉駿 
公告一年內累積取得同一有價證券達實收資本額20%",第20款,2026-09-14,"1.證券名稱:  上海證券交易所一天期國債逆回購GC001，代碼204001  2.交易日期:115/9/14~115/9/14  3.董事會通過日期: 不適用  4.其他核決日期:  核決層級:董事長核決  民國115年9月14日  5.交易數量、每單位價格及交易總金額:  艾普來：84,150單位，均價：1.435%，  百宏：85,840單位，均價：1.440%，  嘉財：750,020單位，均價：1.445%，  嘉皇：123,360單位，均價：1.445%  嘉吉：121,350單位，均價：1.445%  科德：107,560單位，均價：1.445%，  嘉駿：355,620單位，均",unverified
816ebb74bb5442bc,2890,2026-09-14,15:49:44,governance,,twse,https://openapi.twse.com.tw/v1/opendata/t187ap04_L,"永豐金控代子公司永豐金證券公告董事會決議辦理
私募普通股現金增資（補充115/07/01公告）",第11款,2026-09-14,"1.董事會決議日期:115/07/01 2.私募有價證券種類:普通股 3.私募對象及其與公司間關係:永豐金控；永豐金證券之母公司 4.私募股數或張數:462,962,963股（補充） 5.得私募額度:新臺幣12,500,000,001元（補充） 6.私募價格訂定之依據及合理性:以不低於永豐金證券115年6月30日經會計師查核之 財務報告每股淨值26.55元為原則；每股發行價格27元約當115年6月30日每股 淨值之101.7%（補充） 7.本次私募資金用途:強化資本、提升資本適足比率、降低債本比率，支應營運 及業務拓展之資金需求。 8.不採用公開募集之理由:考量籌集資本之時效、便利及發行成本等",unverified
5ae34f4bc39d0a28,2890,2026-09-14,15:50:25,governance,,twse,https://openapi.twse.com.tw/v1/opendata/t187ap04_L,"永豐金控代子公司永豐金證券公告私募普通股之
現金增資基準日",第11款,2026-09-14,"1.董事會決議或公司決定日期:115/09/14 2.發行股數:462,962,963股 3.每股面額:新臺幣10元 4.發行總金額:新臺幣12,500,000,001元 5.發行價格:新臺幣27元 6.員工認股股數:不適用 7.原股東認購比率:永豐金控100%認購 8.公開銷售方式及股數:不適用 9.畸零股及逾期未認購股份之處理方式:不適用 10.本次發行新股之權利義務:同已流通在外普通股 11.本次增資資金用途:強化資本、提升資本適足比率、降低債本比率，支應營運 及業務拓展之資金需求。 12.現金增資認股基準日:115/11/17 13.最後過戶日:不適用 14.停止過戶起始日期:不適用 ",unverified
06ef8d8cfc06dfe2,1477,2026-09-14,15:50:49,other,,twse,https://openapi.twse.com.tw/v1/opendata/t187ap04_L,本公司受邀參加永豐金證券舉辦之2026年第三季產業投資論壇,第12款,2026-09-16,符合條款第四條第XX款：12  事實發生日：115/09/16  1.召開法人說明會之日期：115/09/16  2.召開法人說明會之時間：11 時 00 分   3.召開法人說明會之地點：台北君悅酒店  4.法人說明會擇要訊息：介紹本公司之營運概況及經營策略等財務業務相關資料  5.其他應敘明事項：無  完整財務業務資訊請至公開資訊觀測站之法人說明會一覽表或法說會項目下查閱。,unverified
a28b17ef3155a135,1802,2026-09-14,15:50:51,governance,,twse,https://openapi.twse.com.tw/v1/opendata/t187ap04_L,代子公司台玻成都玻璃有限公司公告處分理財商品,第20款,2026-09-14,"1.標的物之名稱及性質（屬特別股者，並應標明特別股約定發行條件，如股息率等）:  中國工商銀行區間累計型法人人民幣結構性存款產品  2.事實發生日:115/9/8~115/9/14  3.董事會通過日期: 不適用  4.其他核決日期:  核決層級:由子公司董事會通過持有期間，於實際交易日確認處分金額。  民國115年9月14日  5.交易數量、每單位價格及交易總金額:  人民幣120,000,000元  6.交易相對人及其與公司之關係（交易相對人如屬自然人，且非公司之  關係人者，得免揭露其姓名）:  交易相對人:中國工商銀行股份有限公司 交易相對人與公司之關係:無  7.交易相對人為關係人者",unverified
b91ed77e38768aef,2890,2026-09-14,15:51:02,governance,positive,twse,https://openapi.twse.com.tw/v1/opendata/t187ap04_L,"永豐金控公告本公司現金增資發行新股6.4億股之發行條件
及認股基準日等相關事宜",第11款,2026-09-14,1.董事會決議或公司決定增資基準日期:115/09/14 2.是否採總括申報發行新股(是，請併敘明預定發行期間/否):否 3.主管機關申報生效日期:115/08/28 4.董事會決議(追補)發行日期:115/06/26 5.發行總金額及股數:新台幣64億元及普通股6.4億股 6.採總括申報發行新股案件，本次發行金額及股數:不適用 7.採總括申報發行新股案件，本次發行後，剩餘之金額及股數餘額:不適用 8.每股面額:新臺幣10元整 9.發行價格:於訂價日另行公告 10.員工認股股數:6仟4佰萬股 11.原股東認購比率:本次現金增資發行普通股股數80%，計5.12億股由原股東按認股 基準日股東名簿所,unverified
b8f07491db1bc975,1802,2026-09-14,15:51:36,other,,twse,https://openapi.twse.com.tw/v1/opendata/t187ap04_L,代子公司台玻成都玻璃有限公司公告取得理財商品,第20款,2026-09-14,"1.標的物之名稱及性質（屬特別股者，並應標明特別股約定發行條件，如股息率等）:  ""芙蓉錦程""單位結構性存款  2.事實發生日:115/9/14~115/9/14  3.董事會通過日期: 民國115年9月14日  4.其他核決日期: 不適用  5.交易數量、每單位價格及交易總金額:  人民幣80,000,000元  6.交易相對人及其與公司之關係（交易相對人如屬自然人，且非公司之  關係人者，得免揭露其姓名）:  交易相對人: 成都銀行股份有限公司 交易相對人與公司之關係:無  7.交易相對人為關係人者，並應公告選定關係人為交易對象之原因及前次移  轉之所有人、前次移轉之所有人與公司及交易相對",unverified
a0254f02e022f9f9,9933,2026-09-14,15:54:21,cashflow,,twse,https://openapi.twse.com.tw/v1/opendata/t187ap04_L,"本公司代子公司中鼎海外有限公司公告新增
資金貸與金額達公開發行公司資金貸與及背書保證處理準則
第二十二條第一項第三款標準",第23款,2026-09-14,"1.事實發生日:115/09/14  2.接受資金貸與之:  (1)公司名稱:CTCI Americas, Inc  (2)與資金貸與他人公司之關係:  關係企業  (3)資金貸與之限額(仟元):6,826,518  (4)原資金貸與之餘額(仟元):3,823,600  (5)本次新增資金貸與之金額(仟元):790,000  (6)是否為董事會授權董事長對同一貸與對象分次撥貸或循環動用之資金貸與:否  (7)迄事實發生日止資金貸與餘額(仟元):4,613,600  (8)本次新增資金貸與之原因:  短期融通資金之必要  3.接受資金貸與公司所提供擔保品之:  (1)內容:  無  (2)價值(",unverified
3fe2fdd50c371dc5,9938,2026-09-14,16:00:03,target,,twse,https://openapi.twse.com.tw/v1/opendata/t187ap04_L,公告本公司115年8月份自結合併損益相關資訊,第51款,2026-09-14,1.事實發生日:115/09/14 2.公司名稱:台灣百和工業股份有限公司 3.與公司關係(請輸入本公司或子公司):本公司 4.相互持股比例:不適用。 5.發生緣由:公告本公司115年8月份自結合併損益相關資訊。 6.因應措施:發佈重大訊息說明。 7.其他應敘明事項(若事件發生或決議之主體係屬公開發行以上公司，本則重大訊息同時   符合證券交易法施行細則第7條第9款所定對股東權益或證券價格有重大影響之事項):                         當月數　　  　 累計數　　 　  累計數　　　累計數      項目         　　 115年8月      115年1-8月  ,unverified
cb4036b8a780afd3,2408,2026-09-14,16:01:35,other,,twse,https://openapi.twse.com.tw/v1/opendata/t187ap04_L,本公司受邀參加UBS Taiwan Summit 2026,第12款,2026-09-15,符合條款第四條第XX款：12  事實發生日：115/09/15  1.召開法人說明會之日期：115/09/15  2.召開法人說明會之時間：09 時 00 分   3.召開法人說明會之地點：台北W飯店  4.法人說明會擇要訊息：本公司財務業務相關資訊說明  5.其他應敘明事項：本公司受邀參加UBS Taiwan Summit 2026  完整財務業務資訊請至公開資訊觀測站之法人說明會一覽表或法說會項目下查閱。,unverified
2569421839119081,2409,2026-09-14,16:04:44,other,,twse,https://openapi.twse.com.tw/v1/opendata/t187ap04_L,公告本公司將參加UBS舉辦之「Taiwan Summit 2026」,第12款,2026-09-16,符合條款第四條第XX款：12  事實發生日：115/09/16  1.召開法人說明會之日期：115/09/16  2.召開法人說明會之時間：14 時 00 分   3.召開法人說明會之地點：台北W飯店  4.法人說明會擇要訊息：本公司將參加UBS舉辦之「Taiwan Summit 2026」，就115年第二季法說會之內容說明公司營運與財務概況。  5.其他應敘明事項：無  完整財務業務資訊請至公開資訊觀測站之法人說明會一覽表或法說會項目下查閱。,unverified
cdd18de7a87b287a,3711,2026-09-14,16:05:05,other,,twse,https://openapi.twse.com.tw/v1/opendata/t187ap04_L,代子公司矽品精密工業(股)公司公告取得廠務工程,第20款,2026-09-14,"1.契約種類:廠務工程  2.事實發生日:115/7/31~115/9/14  3.董事會通過日期: 不適用  4.其他核決日期:  核決層級:總經理核決  民國115年9月14日  5.契約相對人及其與公司之關係:  勝義發營造股份有限公司， 與公司關係：無  6.契約主要內容（含契約總金額、預計參與投入之金額及契約起迄日期）  、限制條款及其他重要約定事項:  總金額：NTD 2,157,480,000； 契約起迄日期：115年7月31日至118年6月30日； 限制條款及其他重要約定事項：無  7.專業估價者事務所或公司名稱及其估價結果:  不適用  8.不動產估價師姓名:  不適用  9",unverified
34e36b567d35cc12,6928,2026-09-14,16:14:30,other,negative,twse,https://openapi.twse.com.tw/v1/opendata/t187ap04_L,公告本公司財務主管異動,第8款,2026-09-14,1.人員變動別（請輸入發言人、代理發言人、重要營運主管(如:執行長、營運長、 行銷長及策略長等)、財務主管、會計主管、公司治理主管、資訊安全長、研發主管、 內部稽核主管或訴訟及非訟代理人）:財務主管 2.發生變動日期:115/09/14 3.舊任者姓名、級職及簡歷:無 4.新任者姓名、級職及簡歷:王秝家/財務主管/寶禾創能科技股份有限公司會計長 5.異動情形（請輸入「辭職」、「職務調整」、「資遣」、「退休」、「死亡」、「新 任」或「解任」）:新任 6.異動原因:新任 7.生效日期:115/09/14 8.其他應敘明事項:財務主管將提請近期董事會決議，待通過後依相關規定公告。,unverified
d4870ddf1a5630df,3054,2026-09-14,16:16:09,guidance,,twse,https://openapi.twse.com.tw/v1/opendata/t187ap04_L,本公司受邀參加元大證券舉辦之線上法人說明會,第12款,2026-09-15,符合條款第四條第XX款：12  事實發生日：115/09/15  1.召開法人說明會之日期：115/09/15  2.召開法人說明會之時間：15 時 00 分   3.召開法人說明會之地點：線上法說會  4.法人說明會擇要訊息：受元大證券邀請參加法人說明會  5.其他應敘明事項：無  完整財務業務資訊請至公開資訊觀測站之法人說明會一覽表或法說會項目下查閱。,unverified
797feea9002cc376,1464,2026-09-14,16:28:39,guidance,,twse,https://openapi.twse.com.tw/v1/opendata/t187ap04_L,公告本公司召開法說會相關資訊,第12款,2026-09-15,符合條款第四條第XX款：12  事實發生日：115/09/15  1.召開法人說明會之日期：115/09/15  2.召開法人說明會之時間：14 時 00 分   3.召開法人說明會之地點：線上法人說明會  4.法人說明會擇要訊息：本公司受邀參加台新證券舉辦之法人說明會，說明本公司之營運概況。  5.其他應敘明事項：欲參加者請洽台新證券翁紹唐先生(02)5576-8262或mail：J1080182@tssco.com.tw  完整財務業務資訊請至公開資訊觀測站之法人說明會一覽表或法說會項目下查閱。,unverified
9f6084eaca088e08,2882,2026-09-14,16:30:02,target,,twse,https://openapi.twse.com.tw/v1/opendata/t187ap04_L,公告本公司暨主要子公司115年08月自結合併稅後損益,第51款,2026-09-14,1.事實發生日:115/09/14 2.公司名稱:國泰金融控股股份有限公司 3.與公司關係(請輸入本公司或子公司):本公司 4.相互持股比例:不適用 5.發生緣由:公告本公司暨主要子公司115年08月自結合併稅後損益 6.因應措施:無 7.其他應敘明事項(若事件發生或決議之主體係屬公開發行以上公司，本則重大訊息同時   符合證券交易法施行細則第7條第9款所定對股東權益或證券價格有重大影響之事項): 公告115年08月本公司暨主要子公司自結合併稅後損益  單位：億元 ------------------------08月損益------------------累計1-08月損益---------,unverified
3f7c6b8349a93786,2886,2026-09-14,16:30:17,target,,twse,https://openapi.twse.com.tw/v1/opendata/t187ap04_L,公告本公司暨主要子公司115年8月份自結合併盈餘,第51款,2026-09-14,1.事實發生日:115/09/14 2.公司名稱:兆豐金融控股股份有限公司 3.與公司關係(請輸入本公司或子公司):本公司 4.相互持股比例:不適用 5.發生緣由:公告本公司暨主要子公司115年8月份自結合併盈餘 6.因應措施:無 7.其他應敘明事項(若事件發生或決議之主體係屬公開發行以上公司，本則重大訊息同時   符合證券交易法施行細則第7條第9款所定對股東權益或證券價格有重大影響之事項): 公告本公司暨主要子公司115年8月份業績資料： 　　　　　　　當月稅前 當月稅後 累積稅前  累積稅後  累積每股 　　　　　　　　盈餘     盈餘     盈餘      盈餘    稅後盈餘 　　,unverified
d91ece1c035a19e4,2539,2026-09-14,16:32:59,governance,,twse,https://openapi.twse.com.tw/v1/opendata/t187ap04_L,"公告本公司董事長訂定除權息基準日及相關事宜
（補充說明）",第14款,2026-09-14,"1.董事會、股東會決議或公司決定日期:115/09/14 2.除權、息類別（請填入「除權」、「除息」或「除權息」）:除權息 3.普通股發放股利種類及金額: 股票股利:每股配發2.2元新台幣2,624,825,680元 現金股利:每股配發0.6元新台幣715,861,549元 4.除權（息）交易日:115/08/20 5.最後過戶日:115/08/21 6.停止過戶起始日期:115/08/22 7.停止過戶截止日期:115/08/26 8.除權（息）基準日:115/08/26 9.債券最後申請轉換日期:不適用 10.債券停止轉換起始日期:不適用 11.債券停止轉換截止日期:不適用 12.普通股現",unverified
883a72027ca9a4d0,6272,2026-09-14,16:38:22,governance,,twse,https://openapi.twse.com.tw/v1/opendata/t187ap04_L,"代重要子公司江蘇驊盛車用電子(股)公司公告董事會決議召開
2026年第2次臨時股東會",第17款,2026-09-14,1.董事會決議日期:115/09/14 2.股東臨時會召開日期:115/09/29 3.股東臨時會召開地點:江蘇省昆山市張浦鎮俱巷路186號 4.召集事由一、報告事項:無 5.召集事由二、承認事項:無 6.召集事由三、討論事項: (1)審議《關於公司向關聯方東莞驊國電子有限公司出售固定資產的議案》 7.召集事由四、選舉事項:無 8.召集事由五、其他議案:無 9.召集事由六、臨時動議:無 10.停止過戶起始日期:115/09/24 11.停止過戶截止日期:115/09/24 12.其他應敘明事項:無,unverified
4ac667accbf159f6,1315,2026-09-14,16:39:46,other,,twse,https://openapi.twse.com.tw/v1/opendata/t187ap04_L,本公司取得南亞科普通股股票公告,第20款,2026-09-14,"1.證券名稱:  南亞科普通股  2.交易日期:115/4/14~115/9/14  3.董事會通過日期: 民國109年6月15日  4.其他核決日期: 不適用  5.交易數量、每單位價格及交易總金額:  (1)交易數量（仟股）：696  (2)每單位價格（元）：294.34  (3)交易總金額（元）：204,859,516  6.處分利益（或損失）（取得有價證券者不適用）:  不適用  7.與交易標的公司之關係:  無  8.迄目前為止，累積持有本交易證券（含本次交易）之數量、金額、持股  比例及權利受限情形（如質押情形）:  (1)累積持有數量：230,000股  (2)金額：85,321",unverified
69c1975d22323091,2312,2026-09-14,16:40:54,other,,twse,https://openapi.twse.com.tw/v1/opendata/t187ap04_L,本公司受邀參加第一金證券2026年第三季投資論壇,第12款,2026-09-15,符合條款第四條第XX款：12  事實發生日：115/09/15  1.召開法人說明會之日期：115/09/15  2.召開法人說明會之時間：13 時 30 分   3.召開法人說明會之地點：台北喜來登飯店  4.法人說明會擇要訊息：本公司受邀參加第一金證券2026年第三季投資論壇，說明公司2026年第二季營運成果及未來展望。  5.其他應敘明事項：無  完整財務業務資訊請至公開資訊觀測站之法人說明會一覽表或法說會項目下查閱。,unverified
efa6307a12502a21,4104,2026-09-14,16:48:21,guidance,,twse,https://openapi.twse.com.tw/v1/opendata/t187ap04_L,公告本公司受統一證券邀請舉辦公開法人說明會,第12款,2026-09-15,符合條款第四條第XX款：12  事實發生日：115/09/15  1.召開法人說明會之日期：115/09/15  2.召開法人說明會之時間：16 時 20 分   3.召開法人說明會之地點：線上法人說明會  4.法人說明會擇要訊息：本公司受統一證券邀請舉辦公開法人說明會  5.其他應敘明事項：無  完整財務業務資訊請至公開資訊觀測站之法人說明會一覽表或法說會項目下查閱。,unverified
67f7a9483c328eea,6754,2026-09-14,16:51:25,cashflow,,twse,https://openapi.twse.com.tw/v1/opendata/t187ap04_L,"代子公司匯僑設計興業股份有限公司依「公開發行公司資金
貸與及背書保證處理準則」第二十五條第一項第四款規定公告",第22款,2026-09-14,"1.事實發生日:115/09/14  2.被背書保證之:  (1)公司名稱:匯僑室內裝修設計股份有限公司  (2)與提供背書保證公司之關係:  本公司100%持有子公司  (3)背書保證之限額(仟元):1,115,894  (4)原背書保證之餘額(仟元):650,000  (5)本次新增背書保證之金額(仟元):150,000  (6)迄事實發生日止背書保證餘額(仟元):800,000  (7)被背書保證公司實際動支金額(仟元):179,199  (8)本次新增背書保證之原因:  工程保證額度調整  3.被背書保證公司提供擔保品之:  (1)內容:  無  (2)價值(仟元):0  4.被背書保",unverified
7826592619a29439,1516,2026-09-14,16:53:18,governance,,twse,https://openapi.twse.com.tw/v1/opendata/t187ap04_L,公告本公司減資換發股票作業計劃,第11款,2026-09-14,"1.董事會決議日期:NA 2.減資基準日:115/08/27 3.減資換發股票作業計畫: 一、本公司為辦理減資換發股票，依據「臺灣證券交易所股份有限公司營業細則」     及「臺灣證券交易所股份有限公司上市公司換發有價證券作業程序」之規定，     訂定本作業計劃。 二、 本次全面換發股票之總股數、總金額及換發之比率：     (一) 換發股票總數:本次應換發之股票，包括歷年發行之全部股票，          計普通股40,008,195股，每股面額新台幣10元，總金額          為新台幣400,081,950元整。     (二) 減資股份總數及金額：本次減少資本新台幣100,000",unverified
c0086385f7a5ede0,3037,2026-09-14,16:54:40,other,,twse,https://openapi.twse.com.tw/v1/opendata/t187ap04_L,本公司受邀參加UBS舉辦之UBS Taiwan Summit 2026,第12款,2026-09-15,符合條款第四條第XX款：12  事實發生日：115/09/15  1.召開法人說明會之日期：115/09/15  2.召開法人說明會之時間：09 時 00 分   3.召開法人說明會之地點：台北W飯店  4.法人說明會擇要訊息：本公司受邀參加UBS舉辦之UBS Taiwan Summit 2026   ，會中就本公司已公開發布之財務數字、經營績效等相關資訊作說明。  5.其他應敘明事項：無。  完整財務業務資訊請至公開資訊觀測站之法人說明會一覽表或法說會項目下查閱。,unverified
dc84f0922bcf1a0a,3037,2026-09-14,16:55:03,other,,twse,https://openapi.twse.com.tw/v1/opendata/t187ap04_L,本公司受邀參加永豐證券舉辦之2026 Q3 產業投資論壇,第12款,2026-09-16,符合條款第四條第XX款：12  事實發生日：115/09/16  1.召開法人說明會之日期：115/09/16  2.召開法人說明會之時間：13 時 30 分   3.召開法人說明會之地點：台北君悅酒店  4.法人說明會擇要訊息：本公司受邀參加永豐證券舉辦之2026 Q3產業投資論壇  ，會中就本公司已公開發布之  財務數字、經營績效等相關資訊作說明。  5.其他應敘明事項：無。  完整財務業務資訊請至公開資訊觀測站之法人說明會一覽表或法說會項目下查閱。,unverified
4d469f27fb062153,5522,2026-09-14,16:59:02,governance,,twse,https://openapi.twse.com.tw/v1/opendata/t187ap04_L,代子公司遠雄營造公告董事會決議115年上半年度不分派股利,第14款,2026-09-14,1.董事會決議日期:115/09/14 2.發放股利種類及金額:子公司遠雄營造董事會決議115年上半年度不分派股利 3.其他應敘明事項:無,unverified
f645deaeaae8ed22,2882,2026-09-14,17:06:09,other,,twse,https://openapi.twse.com.tw/v1/opendata/t187ap04_L,代子公司國泰世華銀行公告向霖園公寓大廈管理維護股份有限公司取得使用權資產1筆,第20款,2026-09-14,"1.標的物之名稱及性質（如坐落台中市北區ＸＸ段ＸＸ小段土地）:  台北市松山區民生東路三段132號車位6個  2.事實發生日:115/9/14~115/9/14  3.董事會通過日期: 不適用  4.其他核決日期:  核決層級:部門主管核決  民國115年9月14日  5.交易單位數量（如ＸＸ平方公尺，折合ＸＸ坪）、每單位價格及交易總金額:  交易單位數量：6個  每單位使用權資產：新台幣706,911元  使用權資產總金額：新台幣4,241,467元  6.交易相對人及其與公司之關係（交易相對人如屬自然人，且非公司之關  係人者，得免揭露其姓名）:  交易相對人：霖園公寓大廈管理維護股份有限",unverified
0ab50b436983278d,2408,2026-09-14,17:17:51,other,,twse,https://openapi.twse.com.tw/v1/opendata/t187ap04_L,公告本公司取得機器設備,第20款,2026-09-14,"1.標的物之名稱及性質（如坐落台中市北區ＸＸ段ＸＸ小段土地）:  機器設備  2.事實發生日:115/6/22~115/9/14  3.董事會通過日期: 不適用  4.其他核決日期:  核決層級:董事長  民國115年9月14日  5.交易單位數量（如ＸＸ平方公尺，折合ＸＸ坪）、每單位價格及交易總金額:  交易數量：一批 交易總金額：折合新台幣約1,155,497,584元  6.交易相對人及其與公司之關係（交易相對人如屬自然人，且非公司之關  係人者，得免揭露其姓名）:  ULVAC, INC.，與公司關係：無。  7.交易相對人為關係人者，並應公告選定關係人為交易對象之原因及前次移轉之  ",unverified
c5626586ca1f1ddc,2323,2026-09-14,17:19:34,governance,,twse,https://openapi.twse.com.tw/v1/opendata/t187ap04_L,公告本公司處分有價證券,第20款,2026-09-14,"1.證券名稱:  穩懋 普通股  2.交易日期:115/9/7~115/9/14  3.董事會通過日期: 不適用  4.其他核決日期:  核決層級:董事長核決  民國115年09月14日  5.交易數量、每單位價格及交易總金額:  交易數量（仟股）：775  每單位價格（元）：458.77  交易總金額（元）：355,546,447  6.處分利益（或損失）（取得有價證券者不適用）:  處分利益4,661,645元  7.與交易標的公司之關係:  無  8.迄目前為止，累積持有本交易證券（含本次交易）之數量、金額、持股  比例及權利受限情形（如質押情形）:  持有餘額:516,000股、金額:",unverified
a16d19d9cc167b50,2462,2026-09-14,17:21:02,other,negative,twse,https://openapi.twse.com.tw/v1/opendata/t187ap04_L,公告本公司內部稽核主管異動案,第8款,2026-09-14,1.人員變動別（請輸入發言人、代理發言人、重要營運主管(如:執行長、營運長、 行銷長及策略長等)、財務主管、會計主管、公司治理主管、資訊安全長、研發主管、 內部稽核主管或訴訟及非訟代理人）:內部稽核主管 2.發生變動日期:115/09/14 3.舊任者姓名、級職及簡歷:丁小鈴 本公司稽核室課長 4.新任者姓名、級職及簡歷:陶福雄 本公司稽核副理(暫代) 5.異動情形（請輸入「辭職」、「職務調整」、「資遣」、「退休」、「死亡」、「新 任」或「解任」）:職務調整 6.異動原因:職務調整 7.生效日期:115/09/14 8.其他應敘明事項:新任內部稽核主管待董事會通過後依相關規定公告。,unverified
ff7bb95b62381496,2317,2026-09-14,17:24:13,other,,twse,https://openapi.twse.com.tw/v1/opendata/t187ap04_L,代子公司富聯裕展科技（深圳）有限公司公告取得廠房之使用權資產,第20款,2026-09-14,"1.標的物之名稱及性質（如坐落台中市北區ＸＸ段ＸＸ小段土地）:  中國深圳市龍華區福城街道興富社區富士康鴻觀科技園部分廠房、中國深圳市龍華區 龍華街道東環二路二號富士康科技園部分廠房；不動產使用權資產  2.事實發生日:115/9/14~115/9/14  3.董事會通過日期: 民國115年9月14日  4.其他核決日期: 不適用  5.交易單位數量（如ＸＸ平方公尺，折合ＸＸ坪）、每單位價格及交易總金額:  交易單位數量：322,123.85平方公尺折合97,442.46坪 每單位價格：平均未稅人民幣18.24元/每平方公尺/月 合約租金總額：未稅人民幣109,363,541.52元 使用權資",unverified
b9eaad61058b3918,8163,2026-09-14,17:27:59,cashflow,,twse,https://openapi.twse.com.tw/v1/opendata/t187ap04_L,"代子公司蘇州達方電子有限公司公告資金貸與
蘇州達宇電能科技有限公司",第23款,2026-09-14,"1.事實發生日:115/09/14  2.接受資金貸與之:  (1)公司名稱:蘇州達宇電能科技有限公司  (2)與資金貸與他人公司之關係:  皆為達方電子股份有限公司之子公司  (3)資金貸與之限額(仟元):1,822,707  (4)原資金貸與之餘額(仟元):142,152  (5)本次新增資金貸與之金額(仟元):94,768  (6)是否為董事會授權董事長對同一貸與對象分次撥貸或循環動用之資金貸與:是  (7)迄事實發生日止資金貸與餘額(仟元):236,920  (8)本次新增資金貸與之原因:  營運資金需求  3.接受資金貸與公司所提供擔保品之:  (1)內容:  無  (2)價值(仟元",unverified
3e2825bd4eb705c5,2908,2026-09-14,17:29:10,cashflow,,twse,https://openapi.twse.com.tw/v1/opendata/t187ap04_L,"代子公司中欣實業股份有限公司依「公開發行公司資金貸與及
背書保證處理準則」第二十五條第一項第三款及第四款規定公告",第22款,2026-09-14,"1.事實發生日:115/09/14  2.被背書保證之:  (1)公司名稱:統營營造股份有限公司  (2)與提供背書保證公司之關係:  母子公司  (3)背書保證之限額(仟元):1,415,091  (4)原背書保證之餘額(仟元):270,000  (5)本次新增背書保證之金額(仟元):840,000  (6)迄事實發生日止背書保證餘額(仟元):1,110,000  (7)被背書保證公司實際動支金額(仟元):445,036  (8)本次新增背書保證之原因:  為子公司新增銀行授信額度所為之保證  (1)公司名稱:特欣機電股份有限公司  (2)與提供背書保證公司之關係:  母子公司  (3)背書",unverified
2f9f6c981b3e0478,2887,2026-09-14,17:30:12,target,,twse,https://openapi.twse.com.tw/v1/opendata/t187ap04_L,公告本公司暨主要子公司115年8月份合併自結業績資料,第51款,2026-09-14,1.事實發生日:115/09/14 2.公司名稱:台新新光金融控股股份有限公司 3.與公司關係(請輸入本公司或子公司):本公司 4.相互持股比例:不適用 5.發生緣由:公告本公司暨主要子公司115年8月份合併自結  業績資料 年    度                       115年 ------------ --------------------------- 項    目       本月自結    本月自結 項    目       稅前盈餘    稅後盈餘 單    位         (億)        (億) ------------   --------   ----,unverified
97b7d8150ddd6346,4958,2026-09-14,17:36:14,other,,twse,https://openapi.twse.com.tw/v1/opendata/t187ap04_L,"代子公司PENG SHEN TECHNOLOGY (THAILAND) CO., LTD.公告取得機器設備",第20款,2026-09-14,"1.標的物之名稱及性質（如坐落台中市北區ＸＸ段ＸＸ小段土地）:  機器設備  2.事實發生日:114/9/15~115/9/14  3.董事會通過日期: 不適用  4.其他核決日期:  核決層級:總經理核決  民國115年9月14日  5.交易單位數量（如ＸＸ平方公尺，折合ＸＸ坪）、每單位價格及交易總金額:  交易數量:一批 交易總金額:新台幣1,188,828,936元  6.交易相對人及其與公司之關係（交易相對人如屬自然人，且非公司之關  係人者，得免揭露其姓名）:  交易相對人: TAKEWIN INTERNATIONAL(HK)LIMITED 與公司之關係:無  7.交易相對人為關係人",unverified
2f98e7202c4adbec,2474,2026-09-14,17:39:45,other,,twse,https://openapi.twse.com.tw/v1/opendata/t187ap04_L,公告本公司買回股份金額達新台幣三億元以上,第35款,2026-09-14,"1.本次買回股份數量累積達公司已發行股份總額百分之二或金額達新台幣三億元以上之日期:115/09/14  2.本次買回股份數量(股):1,544,000  3.本次買回股份總金額(元):315,106,008  4.本次平均每股買回價格(元):204.08  5.於買回期間內累積已持有自己公司股份數量(股):22,032,000  6.於買回期間內累積已持有自己公司股份數量占公司已發行股份總數之比率(%):4.09  7.其他應敘明事項:  無",unverified
9845a71142777bf9,6919,2026-09-14,17:42:08,other,,twse,https://openapi.twse.com.tw/v1/opendata/t187ap04_L,"本公司新藥CBL-514注射劑之樞紐三期臨床試驗CBL-0302向
美國FDA申請之試驗變更案已通過FDA IND 30天審閱期。",第10款,2026-09-14,1.事實發生日:115/09/14 2.研發新藥名稱或代號:CBL-514 3.用途: A.減少皮下脂肪 B.改善中/重度橘皮組織 C.治療罕見疾病竇根氏症 D.減少過重或肥胖成人皮下脂肪 4.預計進行之所有研發階段: A.第一期臨床試驗 (Phase 1)：已完成。 B.第二期臨床試驗 (Phase 2)：已完成CBL-0205等多項二期試驗，CBL-0206於澳洲   HREC和台灣TFDA IND已核准執行。 C.第三期臨床試驗 (Phase 3)：CBL-0301計畫書變更案於美國和加拿大已核准執行。   CBL-0302依照CBL-0301相同設計提出計畫書變更申請，計畫書變更申請於,unverified
0b0548111930e995,4137,2026-09-14,17:50:31,other,,twse,https://openapi.twse.com.tw/v1/opendata/t187ap04_L,"代子公司:Hong Kong Chlitina International Limited、
(BVI) Chlitina International Limited及(BVI) Chlitina
Group Limited等子公司公告決議配發現金股息之相關事宜",第14款,2026-09-14,"1.董事會決議日期:115/09/14 2.發放股利種類及金額:發放現金股息美金57,000,000元至 (BVI) Chlitina International Limited，再依投資架構 分配美金55,000,000元至(BVI) Chlitina Group Limited， 再分配美金55,000,000元至本公司。 3.其他應敘明事項: (1)本案依投資架構分配程序如下：    由Hong Kong Chlitina International Limited分配美金    57,000,000→(BVI) Chlitina International Limited    分配美",unverified
d683fec21e98404a,2308,2026-09-14,17:53:12,guidance,,twse,https://openapi.twse.com.tw/v1/opendata/t187ap04_L,本公司受邀參加法人說明會之相關資訊,第12款,2026-09-22,符合條款第四條第XX款：12  事實發生日：115/09/22  1.召開法人說明會之日期：115/09/22 ~ 115/09/24  2.召開法人說明會之時間：13 時 00 分   3.召開法人說明會之地點：香港  4.法人說明會擇要訊息：本公司受永豐金證券邀請，將於上述時間地點，向法人投資者說明本公司115年第2季之財務報告相關資訊。  5.其他應敘明事項：無  完整財務業務資訊請至公開資訊觀測站之法人說明會一覽表或法說會項目下查閱。,unverified
f3c8dfe31ee46307,2308,2026-09-14,17:53:42,guidance,,twse,https://openapi.twse.com.tw/v1/opendata/t187ap04_L,本公司受邀參加法人說明會之相關資訊,第12款,2026-10-05,符合條款第四條第XX款：12  事實發生日：115/10/05  1.召開法人說明會之日期：115/10/05 ~ 115/10/13  2.召開法人說明會之時間：21 時 00 分   3.召開法人說明會之地點：美國  4.法人說明會擇要訊息：本公司受Jefferies證券邀請，將於上述時間地點，向法人投資者說明本公司115年第2季之財務報告相關資訊。  5.其他應敘明事項：無  完整財務業務資訊請至公開資訊觀測站之法人說明會一覽表或法說會項目下查閱。,unverified
ca2c88b1ba0ebd42,2308,2026-09-14,17:54:15,guidance,,twse,https://openapi.twse.com.tw/v1/opendata/t187ap04_L,本公司受邀參加法人說明會之相關資訊,第12款,2026-11-03,符合條款第四條第XX款：12  事實發生日：115/11/03  1.召開法人說明會之日期：115/11/03 ~ 115/11/07  2.召開法人說明會之時間：08 時 00 分   3.召開法人說明會之地點：東京  4.法人說明會擇要訊息：本公司受大和國泰證券邀請，將於上述時間地點，向法人投資者說明本公司115年第2季之財務報告相關資訊。  5.其他應敘明事項：無  完整財務業務資訊請至公開資訊觀測站之法人說明會一覽表或法說會項目下查閱。,unverified
12dfa2bce3b5874e,6005,2026-09-14,17:59:09,other,negative,twse,https://openapi.twse.com.tw/v1/opendata/t187ap04_L,公告本公司總經理異動業經主管機關認可,第6款,2026-09-14,1.董事會決議日期或發生變動日期:115/09/14 2.人員別（請輸入董事長或總經理）:總經理 3.舊任者姓名:無 4.舊任者簡歷:不適用 5.新任者姓名:楊杰斌 6.新任者簡歷:群益金鼎證券(股)公司執行副總經理 7.異動情形（請輸入「辭職」、「解任」、「任期屆滿」、「職務調整」、「資遣」、 「退休」、「逝世」或「新任」）:新任 8.異動原因:新任 9.新任生效日期:115/09/14 10.其他應敘明事項(若事件發生或決議之主體係屬公開發行以上公司，本則重大訊息同時    符合證券交易法施行細則第7條第6款所定對股東權益或證券價格有重大影響之事項): 本公司董事會已於115/7/22通過,unverified
ddb27429f35ba38f,8404,2026-09-14,17:59:48,target,,twse,https://openapi.twse.com.tw/v1/opendata/t187ap04_L,公告本公司115年8月份自結合併損益相關資訊,第51款,2026-09-14,1.事實發生日:115/09/14 2.公司名稱:百和興業股份有限公司 3.與公司關係(請輸入本公司或子公司):本公司 4.相互持股比例:不適用 5.發生緣由:公告本公司115年8月份自結合併損益相關資訊                                          115年        114年       累計數  項目                   115年8月      1-8月累計    1-8月累計    差異比率 --------------        -------------  -----------  ------------ -------,unverified
1bddfca6f44635ce,3712,2026-09-14,18:08:35,other,negative,twse,https://openapi.twse.com.tw/v1/opendata/t187ap04_L,公告本公司發言人異動,第8款,2026-09-14,1.人員變動別（請輸入發言人、代理發言人、重要營運主管(如:執行長、營運長、 行銷長及策略長等)、財務主管、會計主管、公司治理主管、資訊安全長、研發主管、 內部稽核主管或訴訟及非訟代理人）:發言人 2.發生變動日期:115/09/14 3.舊任者姓名、級職及簡歷:不適用 4.新任者姓名、級職及簡歷:洪雪芬/永崴投資控股股份有限公司會計部經理 5.異動情形（請輸入「辭職」、「職務調整」、「資遣」、「退休」、「死亡」、「新 任」或「解任」）:新任 6.異動原因:新任 7.生效日期:115/09/14 8.其他應敘明事項:無,unverified
005f600278a3c15b,3712,2026-09-14,18:09:12,governance,,twse,https://openapi.twse.com.tw/v1/opendata/t187ap04_L,公告本公司法人董事之代表人異動,第6款,2026-09-14,1.發生變動日期:115/09/14 2.法人名稱:富士臨國際投資股份有限公司 3.舊任者姓名:不適用 4.舊任者簡歷:不適用 5.新任者姓名:郭守富 6.新任者簡歷:正崴精密工業股份有限公司特助 7.異動原因:法人董事改派代表人 8.原任期（例xx/xx/xx至xx/xx/xx）:114/5/28~117/5/27 9.新任生效日期:115/09/14 10.其他應敘明事項:無,unverified
54566783caca9094,2891,2026-09-14,18:14:19,other,,twse,https://openapi.twse.com.tw/v1/opendata/t187ap04_L,"代子公司中國信託商業銀行美國子行CTBC Bank Corp. (USA)公告授信資產
之轉讓。",第20款,2026-09-14,"1.標的物之名稱及性質（屬特別股者，並應標明特別股約定發行條件，如股息率等）:  金融機構債權(放款)  2.事實發生日:114/9/15~115/9/14  3.董事會通過日期: 不適用  4.其他核決日期:  核決層級:美國子行法金業務主管核決  民國115年9月11日  5.交易單位數量、每單位價格及交易總金額:  交易單位數量:不適用  每單位價格:不適用  交易總金額:USD14,334,374.99  6.交易相對人及其與公司之關係（交易相對人如屬自然人，且非公司之  關係人者，得免揭露其姓名）:  Bank of America, N.A.  7.交易相對人為關係人者，並應公告選",unverified
c494af8f437cba3b,7769,2026-09-14,18:38:31,other,,twse,https://openapi.twse.com.tw/v1/opendata/t187ap04_L,本公司代子公司Top Vintage International Ltd.公告取得固定收益證券,第20款,2026-09-14,"1.證券名稱:  公司債  2.交易日期:115/9/3~115/9/14  3.董事會通過日期: 不適用  4.其他核決日期:  核決層級:不適用  民國115年09月14日  5.交易數量、每單位價格及交易總金額:  US46647PEL67：87,800 單位；每單位US$100.63；總金額US$8.84 佰萬元。  US09659X2U58：86,600 單位；每單位US$100.5；總金額US$8.7 佰萬元。  US61748UAV44：87,400 單位；每單位US$98.7；總金額US$8.63 佰萬元。  US61747YEV39：84,000 單位；每單位US$101.8",unverified
b077d84c71fe9372,2887,2026-09-14,18:49:50,governance,,twse,https://openapi.twse.com.tw/v1/opendata/t187ap04_L,"本公司代子公司台新投顧公告金融監督管理委員會核准
台新投顧與元富投顧合併案",第51款,2026-09-14,1.事實發生日:115/09/14 2.公司名稱:台新證券投資顧問股份有限公司 3.與公司關係(請輸入本公司或子公司):子公司 4.相互持股比例:不適用 5.發生緣由: (1)依據115/6/25台新投顧按「臺灣證券交易所股份有限公司對有價證券上市公司 重大訊息之查證暨公開處理程序」第四條之規定公告股東臨時會決議與元富證券 投資顧問股份有限公司(下稱「元富投顧」)合併重大訊息進行補充說明。 (2)本次補充內容: 台新投顧向金融監督管理委員會(以下簡稱金管會)申請合併元富投顧案，業經金管會 民國115年09月14日金管證字第1150143059號函核准。 合併基準日由雙方董事長共同議訂為民國11,unverified
94e16b8730f4d13d,2887,2026-09-14,18:50:14,governance,,twse,https://openapi.twse.com.tw/v1/opendata/t187ap04_L,"本公司代子公司元富投顧公告金融監督管理委員會核准
台新投顧與元富投顧合併案",第51款,2026-09-14,1.事實發生日:115/09/14 2.公司名稱:元富證券投資顧問股份有限公司 3.與公司關係(請輸入本公司或子公司):子公司 4.相互持股比例:不適用 5.發生緣由: (1)依據115/6/25元富投顧按「臺灣證券交易所股份有限公司對有價證券上市公司重 大訊息之查證暨公開處理程序」第四條之規定公告董事會(代行股東會)決議與台新 投顧合併重大訊息進行補充說明。 (2)本次補充內容: 台新投顧向金融監督管理委員會(以下簡稱金管會)申請合併元富投顧案，業經金管會 民國115年09月14日金管證投字第1150143059號函核准。 合併基準日由雙方董事長共同議訂為民國115年10月16日並對外公告之,unverified
7704f358756cf550,6431,2026-09-14,19:10:19,cashflow,,twse,https://openapi.twse.com.tw/v1/opendata/t187ap04_L,"依「公開發行公司資金貸與及背書保證處理準則」
第二十二條第一項第一款公告申報",第23款,2026-09-14,"1.事實發生日:115/09/14  2.公開發行公司及其子公司資金貸與他人之餘額達該公開發行公司最近期財務報表  淨值百分之二十以上者:  (1)接受資金貸與之公司名稱:上海儀玳化妝品有限公司  (2)與資金貸與他人公司之關係:  直接及間接投資之子公司  (3)資金貸與之限額(仟元):505,410  (4)迄事實發生日為止資金貸與餘額(仟元):104,610  (5)迄事實發生日為止資金貸與原因:  本公司因集團營運規劃調整，維持集團資金最佳配適。  3.迄事實發生日為止，資金貸與餘額(仟元):  104,610  4.迄事實發生日為止，資金貸與餘額占公開發行公司最近期財務報表淨值之比率",unverified
d7415ea07a9cd8bd,6431,2026-09-14,19:10:51,cashflow,,twse,https://openapi.twse.com.tw/v1/opendata/t187ap04_L,"依「公開發行公司資金貸與及背書保證處理準則」
第二十二條第一項第二款及第三款公告申報",第23款,2026-09-14,"1.事實發生日:115/09/14  2.接受資金貸與之:  (1)公司名稱:上海儀玳化妝品有限公司  (2)與資金貸與他人公司之關係:  直接及間接投資之子公司  (3)資金貸與之限額(仟元):505,410  (4)原資金貸與之餘額(仟元):88,718  (5)本次新增資金貸與之金額(仟元):15,892  (6)是否為董事會授權董事長對同一貸與對象分次撥貸或循環動用之資金貸與:是  (7)迄事實發生日止資金貸與餘額(仟元):104,610  (8)本次新增資金貸與之原因:  本公司因集團營運規劃調整，維持集團資金最佳配適。  3.接受資金貸與公司所提供擔保品之:  (1)內容:  無 ",unverified
98e718826d859c2a,4961,2026-09-14,19:51:41,governance,,twse,https://openapi.twse.com.tw/v1/opendata/t187ap04_L,代重要子公司深圳天德鈺科技股份有限公司公告處分有價證券,第20款,2026-09-14,"1.標的物之名稱及性質（屬特別股者，並應標明特別股約定發行條件，如股息率等）:  華西證券202503期收益憑證 華西證券202602期收益憑證  2.事實發生日:115/9/14~115/9/14  3.董事會通過日期: 不適用  4.其他核決日期:  核決層級:總經理  民國115年09月14日  5.交易數量、每單位價格及交易總金額:  華西證券202503期收益憑證: 40,000仟單位；每單位價格:不適用；交易總金額:人民幣40,898仟元  華西證券202602期收益憑證: 50,000仟單位；每單位價格:不適用；交易總金額:人民幣:50,597仟元  6.交易相對人及其與公司之關",unverified
e5277f03e7e4b1f2,2891,2026-09-14,20:25:28,target,,twse,https://openapi.twse.com.tw/v1/opendata/t187ap04_L,"中國信託金融控股股份有限公司公告本公司暨主要子公司
115年度八月份自結盈餘",第51款,2026-09-14,1.事實發生日:115/09/14 2.公司名稱:中國信託金融控股股份有限公司 3.與公司關係(請輸入本公司或子公司):本公司 4.相互持股比例:不適用 5.發生緣由:公告中國信託金融控股股份有限公司暨主要子公司115年度八月份自結盈餘 6.因應措施:無 7.其他應敘明事項(若事件發生或決議之主體係屬公開發行以上公司，本則重大訊息同時   符合證券交易法施行細則第7條第9款所定對股東權益或證券價格有重大影響之事項): 單位:億元          八月損益            累計一~八月損益 -------------------------------------------------,unverified
518f32960a6a907b,8442,2026-09-14,21:38:07,other,,twse,https://openapi.twse.com.tw/v1/opendata/t187ap04_L,"公告威宏-KY股份有限公司第二次有擔保轉換公司債
(簡稱：威宏二KY，代碼：84422)因於115年10月19日到期
暨訂於115年10月20日終止櫃檯買賣等相關事宜",第51款,2026-09-14,1.事實發生日:115/09/14 2.公司名稱:WW Holding Inc. 3.與公司關係(請輸入本公司或子公司):本公司 4.相互持股比例:不適用 5.發生緣由:本公司國內第二次有擔保轉換公司債將於115年10月19日發行屆滿三年到期。 6.因應措施:債券到期時，按債券面額以現金一次償還。 7.其他應敘明事項(若事件發生或決議之主體係屬公開發行以上公司，本則重大訊息同時   符合證券交易法施行細則第7條第9款所定對股東權益或證券價格有重大影響之事項): (1)本公司國內第二次有擔保轉換公司債將於115年10月19日到期， 依其發行及轉換辦法規定，於到期日之次一營業日(115年10月20,unverified
a18ccd2861ca5e5b,6576,2026-09-14,06:57:28,other,negative,tpex,https://www.tpex.org.tw/openapi/v1/mopsfin_t187ap04_O,公告本公司財務主管、公司治理主管及發言人異動,第8款,2026-09-11,1.人員變動別（請輸入發言人、代理發言人、重要營運主管 (如:執行長、營運長、行銷長及策略長等)、財務主管、會計 主管、公司治理主管、資訊安全長、研發主管、內部稽核主管或訴訟及非 訟代理人）: 財務主管、公司治理主管及發言人 2.發生變動日期: 115/09/11 3.舊任者姓名、級職及簡歷: 詹孟恭 / 財務長、公司治理主管及發言人 4.新任者姓名、級職及簡歷: 陳寧亞 / 會計主管 暫代 5.異動情形（請輸入「辭職」、「職務調整」、「資遣」、 「退休」、「死亡」、「新任」或「解任」）: 辭職 6.異動原因: 個人職涯規劃 7.生效日期: 115/10/01 8.其他應敘明事項: 財務主管、,unverified
dc452c67a6bceb23,5904,2026-09-14,07:00:03,other,,tpex,https://www.tpex.org.tw/openapi/v1/mopsfin_t187ap04_O,"公告本公司股票面額變更由「新台幣10元」變更為「新台幣1元」
公告期間：115年7月2日至115年10月1日",第53款,2026-06-24,1.事實發生日：民國115年06月24日  2.公司名稱：寶雅國際股份有限公司  3.與公司關係(請輸入本公司或子公司)：本公司  4.相互持股比例：不適用  5.發生緣由：  (1)公司面額變更核准日期/事實發生日：民國115年06月24日  (2)公司面額變更核准文號：經授商字第證櫃監字第1150004034號號函  (3)董事會決議通過換股計畫書日期：民國115年06月29日  (4)變更前面額：新台幣10.00  (5)變更後面額：新台幣1.00  (6)新股票上市買賣日及舊股票終止上市買賣日：民國115年08月10日  (7)換發股票時程重大訊息公告日期：民國115年07月02日重大,unverified
a17edef8db8b751d,4530,2026-09-14,07:00:03,other,,tpex,https://www.tpex.org.tw/openapi/v1/mopsfin_t187ap04_O,"公告本公司名稱由「宏易創新國際股份有限公司」
更名為「天意能創股份有限公司」，
公告期間：115年7月09日至115年10月08日。",第53款,2026-07-08,1.事實發生日：民國115年07月08日  2.公司名稱：天意能創股份有限公司(原名：宏易創新國際股份有限公司)  3.與公司關係(請輸入本公司或子公司)：本公司  4.相互持股比例：不適用  5.發生緣由：  (1)公司名稱變更核准日期/事實發生日：民國115年07月08日  (2)公司名稱變更核准文號：府產業商字第11550721810  (3)更名案股東會決議通過日期：民國115年06月24日  (4)變更前公司名稱：宏易創新國際股份有限公司  (5)變更後公司名稱：天意能創股份有限公司  (6)變更前公司簡稱：宏易  (7)變更後公司簡稱：天意  6.因應措施：無  7.其他應敘明事項,unverified
e00974cc8300b038,4747,2026-09-14,07:00:03,other,,tpex,https://www.tpex.org.tw/openapi/v1/mopsfin_t187ap04_O,"公告本公司股票面額由「新台幣10元」變更為「新台幣5元」
公告期間：115年7月22日至115年10月21日",第53款,2026-06-24,1.事實發生日：民國115年06月24日  2.公司名稱：強生化學製藥廠股份有限公司  3.與公司關係(請輸入本公司或子公司)：本公司  4.相互持股比例：不適用  5.發生緣由：  (1)公司面額變更核准日期/事實發生日：民國115年06月24日  (2)公司面額變更核准文號：經授商字第新北府經司字第1158046510號函  (3)董事會決議通過換股計畫書日期：民國115年07月22日  (4)變更前面額：新台幣10.00  (5)變更後面額：新台幣5.00  (6)新股票上市買賣日及舊股票終止上市買賣日：民國115年08月31日  (7)換發股票時程重大訊息公告日期：民國115年07月2,unverified
868dd3b7dfee99b6,8472,2026-09-14,07:00:03,other,,tpex,https://www.tpex.org.tw/openapi/v1/mopsfin_t187ap04_O,"公告本公司名稱由「夠麻吉股份有限公司」更名為
「納維康生技股份有限公司」，公告期間：115年6月29日
至115年9月28日",第53款,2026-06-29,1.事實發生日：民國115年06月29日  2.公司名稱：納維康生技股份有限公司(原名：夠麻吉股份有限公司)  3.與公司關係(請輸入本公司或子公司)：本公司  4.相互持股比例：不適用  5.發生緣由：  (1)公司名稱變更核准日期/事實發生日：民國115年06月29日  (2)公司名稱變更核准文號：經司字第1158046769號  (3)更名案股東會決議通過日期：民國115年05月29日  (4)變更前公司名稱：夠麻吉股份有限公司  (5)變更後公司名稱：納維康生技股份有限公司  (6)變更前公司簡稱：夠麻吉  (7)變更後公司簡稱：納維康  6.因應措施：無  7.其他應敘明事項：(1),unverified
bbd30cf87e913f4c,7717,2026-09-14,09:06:58,guidance,,tpex,https://www.tpex.org.tw/openapi/v1/mopsfin_t187ap04_O,本公司受邀參加富邦證券舉辦之法人說明會,第12款,2026-09-15,符合條款第四條第XX款：12  事實發生日：115/09/15  1.召開法人說明會之日期：115/09/15  2.召開法人說明會之時間：14 時 00 分   3.召開法人說明會之地點：富邦金融大樓15樓會議室（台北市仁愛路四段169號15樓）  4.法人說明會擇要訊息：本公司受邀參加富邦證券法人部舉辦之法人說明會，說明本公司之營運概況與未來展望，法人說明會參加者以受富邦證券邀請者為優先。  5.其他應敘明事項：無  完整財務業務資訊請至公開資訊觀測站之法人說明會一覽表或法說會項目下查閱。,unverified
feaf8b1112a6772b,4529,2026-09-14,14:02:45,other,,tpex,https://www.tpex.org.tw/openapi/v1/mopsfin_t187ap04_O,"公告本公司預估未來三個月現金收支情形及銀行可使用
融資額度情形。",第53款,2026-09-14,1.事實發生日:115/09/14 2.公司名稱:淳紳股份有限公司 3.與公司關係(請輸入本公司或子公司):本公司 4.相互持股比例:不適用 5.發生緣由:依證券櫃檯買賣中心證櫃監字第1080200254號函辦理。 -------------------------------------------------------------------------- (1)銀行融資額度及使用情形:(單位:新台幣仟元)        項目          銀行融資額度        使用情形(已動用額度)   -----------   -----------------     --------,unverified
666ee955b046ad7e,3624,2026-09-14,14:33:41,other,,tpex,https://www.tpex.org.tw/openapi/v1/mopsfin_t187ap04_O,"本公司有價證券近期股價異常，故公告相關
訊息以利投資人區別瞭解。",第53款,2026-09-14,1.事實發生日:115/09/14 2.發生緣由:依財團法人中華民國證券櫃檯買賣中心通知辦理公告。 3.財務業務資訊: (1)單月                             最近一月單月    去年同月      與去年同期增減% 期間                          (115/8)      (114/8) -------------------------------------------------------------------------- 營業收入(百萬元)                  367          221          ,unverified
a97dd55bda338967,5013,2026-09-14,14:50:44,capital,,tpex,https://www.tpex.org.tw/openapi/v1/mopsfin_t187ap04_O,"代重要子公司蘇州強新合金材料科技有限公司公告
股利發放日",第14款,2026-09-14,"1.董事會、股東會決議或公司決定日期:115/09/14 2.除權、息類別（請填入「除權」、「除息」或「除權息」）:除息 3.發放股利種類及金額:現金股利總金額為人民幣2,500萬元(完稅後)． 4.除權（息）交易日:NA 5.最後過戶日:NA 6.停止過戶起始日期:NA 7.停止過戶截止日期:NA 8.除權（息）基準日:NA 9.債券最後申請轉換日期:NA 10.債券停止轉換起始日期:NA 11.債券停止轉換截止日期:NA 12.現金股利發放日期:115/09/21 13.其他應敘明事項: (1)依115年5月28日股東臨時會決議發放。 (2)子公司非公開發行公司股利發放日為115/09/2",unverified
f38be61abb650878,5013,2026-09-14,14:51:27,capital,,tpex,https://www.tpex.org.tw/openapi/v1/mopsfin_t187ap04_O,"代重要子公司NEW BEST WIRE(MAURITIUS)INDUSTRIAL CO.,LTD.
公告股利發放日",第14款,2026-09-14,"1.董事會、股東會決議或公司決定日期:115/09/14 2.除權、息類別（請填入「除權」、「除息」或「除權息」）:除息 3.發放股利種類及金額:現金股利總金額人民幣2,500萬元． 4.除權（息）交易日:NA 5.最後過戶日:NA 6.停止過戶起始日期:NA 7.停止過戶截止日期:NA 8.除權（息）基準日:NA 9.債券最後申請轉換日期:NA 10.債券停止轉換起始日期:NA 11.債券停止轉換截止日期:NA 12.現金股利發放日期:115/09/30 13.其他應敘明事項: (1)依115年5月28日股東臨時會決議發放。 (2)子公司非公開發行公司股利發放日為115/09/30。",unverified
74037d1788fec647,3260,2026-09-14,15:19:18,governance,,tpex,https://www.tpex.org.tw/openapi/v1/mopsfin_t187ap04_O,公告本公司現金增資認股基準日相關事宜(補充發行價格),第11款,2026-09-14,"1.董事會決議或公司決定增資基準日期:115/09/14 2.是否採總括申報發行新股(是，請併敘明預定發行期間/否):否 3.主管機關申報生效日期:115/09/03 4.董事會決議(追補)發行日期:115/07/28 5.發行總金額及股數:新台幣200,000,000元;20,000,000股 6.採總括申報發行新股案件，本次發行金額及股數:不適用 7.採總括申報發行新股案件，本次發行後，剩餘之金額及股數餘額:不適用 8.每股面額:10元 9.發行價格:每股發行價格新台幣290元。(補充公告) 10.員工認股股數:依公司法第267條規定，保留增資發行新股15%，   計3,000,000股由",unverified
d03bb38d88b74448,7744,2026-09-14,15:24:41,other,,tpex,https://www.tpex.org.tw/openapi/v1/mopsfin_t187ap04_O,本公司資訊安全事件說明,第26款,2026-09-14,1.事實發生日:115/09/14 2.發生緣由:本公司於115年9月14日上午發現資訊系統遭駭客入侵，部分系統資料 遭加密鎖定。本公司立即啟動資安應變機制，進行網路斷線及系統隔離程序，並 由總經理召集資安事件緊急應變小組處理相關事宜，同時委請外部資安團隊進駐 協助調查及復原作業。 3.處理過程:經初步評估，受影響範圍包含公司網路系統、電子郵件系統及部分業 務營運相關系統。本公司已配合外部資安專業團隊就相關系統進行全面檢測、惡 意程式清除及資安弱點檢查，並針對部分系統採取資料清除、環境重建及系統重 置後再重新上線，以確保資訊環境安全。 4.預計可能損失或影響:經初步評估，本次資安事件未影響公司,unverified
711e30d205a89b45,6510,2026-09-14,15:25:19,other,,tpex,https://www.tpex.org.tw/openapi/v1/mopsfin_t187ap04_O,本公司受邀參加美銀證券舉辦之「2026 Asia Pacific Conference」,第12款,2026-09-22,符合條款第四條第XX款：12  事實發生日：115/09/22  1.召開法人說明會之日期：115/09/22 ~ 115/09/24  2.召開法人說明會之時間：09 時 00 分   3.召開法人說明會之地點：香港  4.法人說明會擇要訊息：本公司受邀參加美銀證券舉辦之「2026 Asia Pacific Conference」，會中就本公司7/29法說會已公開之財務數字、經營績效等相關資訊進行說明。  5.其他應敘明事項：無。  完整財務業務資訊請至公開資訊觀測站之法人說明會一覽表或法說會項目下查閱。,unverified
df38d02ce598dd4a,8358,2026-09-14,15:27:16,governance,,tpex,https://www.tpex.org.tw/openapi/v1/mopsfin_t187ap04_O,公告本公司董事會決議通過擬於東南亞設立子公司案,第53款,2026-09-14,1.事實發生日:115/09/14 2.公司名稱:金居開發股份有限公司 3.與公司關係(請輸入本公司或子公司):本公司 4.相互持股比例:不適用 5.發生緣由:本案成立東南亞子公司、洽購土地相關事宜，所需與相關政府機關申請及 其他未盡事宜，授權董事長全權處理之。 6.因應措施:無 7.其他應敘明事項(若事件發生或決議之主體係屬公開發行以上公司， 本則重大訊息同時符合證券交易法施行細則第7條第9款所定 對股東權益或證券價格有重大影響之事項):無,unverified
b2bd9d8d26cd7141,6492,2026-09-14,15:32:19,governance,,tpex,https://www.tpex.org.tw/openapi/v1/mopsfin_t187ap04_O,公告本公司現金增資股款催繳期間屆滿暨股票發放事宜,第53款,2026-09-14,"1.事實發生日:115/09/14 2.公司名稱:生華生物科技股份有限公司 3.與公司關係(請輸入本公司或子公司):本公司 4.相互持股比例:不適用 5.發生緣由:本公司現金增資認股繳款催繳期間自115年08月13日起至115年09月14日 15時30分止。 6.因應措施: (1)未於催繳期間繳納股款之認股人，自115年09月14日15時30分停止繳納並喪失認 股權利。 (2)本公司現金增資已於115年08月18日收足股款，並於115年08月21日以股款繳納 憑證上櫃買賣。 (3)於催繳期間繳款之認股人，所認購之股數預計於115年09月29日撥入認股人登記 之集保帳號。 (4)若有任何疑問,請",unverified
797684065ef2674f,8358,2026-09-14,15:32:24,governance,,tpex,https://www.tpex.org.tw/openapi/v1/mopsfin_t187ap04_O,公告本公司董事會決議庫藏股轉讓予員工,第53款,2026-09-14,"1.事實發生日:115/09/14 2.公司名稱:金居開發股份有限公司 3.與公司關係(請輸入本公司或子公司):本公司 4.相互持股比例:不適用 5.發生緣由:公告本公司董事會決議辦理庫藏股轉讓予員工並訂定認股基準日。 6.因應措施: (1)依本公司「買回股份轉讓員工辦法」之規定辦理，以每股新台幣54.77元 轉讓予員工。 (2)員工認股基準日訂為：民國115年09月24日。 (3)本次轉讓總股數為45,000股。 7.其他應敘明事項(若事件發生或決議之主體係屬公開發行以上公司， 本則重大訊息同時符合證券交易法施行細則第7條第9款所定 對股東權益或證券價格有重大影響之事項):無。",unverified
fe2ceeef6d8223b2,8358,2026-09-14,15:50:23,governance,,tpex,https://www.tpex.org.tw/openapi/v1/mopsfin_t187ap04_O,"董事會決議通過「115年度第一次員工認股權憑證發行及
認股辦法」",第11款,2026-09-14,1.董事會決議日期:115/09/14 2.發行期間:於主管機關申報生效後二年內，視實際需要一次或分次發行， 實際發行日期由董事長訂之。 3.認股權人資格條件:以本公司及國內外子公司 （係指本公司直接或間接持有他公司 已發行股份總數超過百分之五十者）正式編制內之全職員工為限。 得為認股之員工及其得認股之數量，將參酌對本公司創造價值、勇於承擔額外 或艱困任務，有具體績效、特殊貢獻（含未來可能貢獻）或特殊功績等之優秀人才 等因素擬定之分配標準，以作為薪資報酬委員會、審計委員會及董事會核發數量時 之依據。認股權人具經理人身分之員工或具員工身分之董事者，應先提報薪資報酬 委員會同意，再提報董事會決議；,unverified
0b57b7132e0dcb6d,6523,2026-09-14,15:56:38,guidance,,tpex,https://www.tpex.org.tw/openapi/v1/mopsfin_t187ap04_O,本公司受邀參加台新證券舉辦之法人說明會,第12款,2026-09-15,符合條款第四條第XX款：12  事實發生日：115/09/15  1.召開法人說明會之日期：115/09/15  2.召開法人說明會之時間：14 時 30 分   3.召開法人說明會之地點：台北市中山區建國北路一段96號台證大樓B1(福爾摩沙廳)  4.法人說明會擇要訊息：本公司受邀參加台新證券舉辦之法人說明會，說明近期營運成果及未來展望。  5.其他應敘明事項：無。  完整財務業務資訊請至公開資訊觀測站之法人說明會一覽表或法說會項目下查閱。,unverified
189830a5c0c8bbcc,8040,2026-09-14,15:56:38,other,negative,tpex,https://www.tpex.org.tw/openapi/v1/mopsfin_t187ap04_O,公告本公司業務主管異動,第8款,2026-09-14,1.人員變動別（請輸入發言人、代理發言人、重要營運主管 (如:執行長、營運長、行銷長及策略長等)、財務主管、會計 主管、公司治理主管、資訊安全長、研發主管、內部稽核主管或訴訟及非 訟代理人）: 業務主管 2.發生變動日期:115/09/14 3.舊任者姓名、級職及簡歷: 陳忠正副總經理 本公司研發一部副總經理兼任業務總部主管 4.新任者姓名、級職及簡歷: 羅崇銘副總經理 曾任Aeon Semi 業務開發處長 曾任達發科技  行銷處長 曾任聯發科技  產品經理 5.異動情形（請輸入「辭職」、「職務調整」、「資遣」、 「退休」、「死亡」、「新任」或「解任」）:新任 6.異動原因:新任 7.生效日期,unverified
46022534f3faf4bd,4903,2026-09-14,16:00:43,other,,tpex,https://www.tpex.org.tw/openapi/v1/mopsfin_t187ap04_O,代重要子公司台鋼工程股份有限公司公告決議114年度盈餘分派,第14款,2026-09-14,"1.董事會決議日期:115/09/14 2.發放股利種類及金額:發放現金股利，共計新台幣28,164,889元 3.其他應敘明事項:本公司持有台鋼工程股份有限公司100%之股權",unverified
fc211e8c6bc70eb2,4903,2026-09-14,16:01:24,capital,,tpex,https://www.tpex.org.tw/openapi/v1/mopsfin_t187ap04_O,代重要子公司台鋼工程股份有限公司公告決議現金股利配發基準日,第14款,2026-09-14,"1.董事會、股東會決議或公司決定日期:115/09/14 2.除權、息類別（請填入「除權」、「除息」或「除權息」）:除息 3.發放股利種類及金額:發放現金股利，共計新台幣28,164,889元 4.除權（息）交易日:不適用 5.最後過戶日:不適用不適用 6.停止過戶起始日期:不適用 7.停止過戶截止日期:不適用 8.除權（息）基準日:115/11/10 9.債券最後申請轉換日期:不適用 10.債券停止轉換起始日期:不適用 11.債券停止轉換截止日期:不適用 12.現金股利發放日期:115/11/10 13.其他應敘明事項:本公司持有台鋼工程股份有限公司100%之股權",unverified
315242d3ba28331f,4416,2026-09-14,16:05:22,other,,tpex,https://www.tpex.org.tw/openapi/v1/mopsfin_t187ap04_O,公告本公司本週到期票據、應償還借款及利息等相關資訊,第53款,2026-09-14,"1.事實發生日:115/09/14 2.公司名稱:三圓建設股份有限公司 3.與公司關係(請輸入本公司或子公司):本公司 4.相互持股比例:不適用 5.發生緣由:依115年01月15日證櫃監字第1140203169號函規定辦理說明 (1)本週到期應付票據:0元 (2)本週應償還借款及利息:1,282,109元 (3)本週應付薪資:0元 (4)銀行可使用融資情形: 已取得之融資額度$9,714,484,281；已使用之融資額度$9,632,284,281 未使用之融資額度$82,200,000；尚可使用融資額度$0。 (5)115/09/14期初餘額$3,157,479。 預估未來3個月現金流入:",unverified
a9140151d7383603,4416,2026-09-14,16:05:39,other,,tpex,https://www.tpex.org.tw/openapi/v1/mopsfin_t187ap04_O,公告本公司普通股公司債到期還款計劃說明,第53款,2026-09-14,"1.事實發生日:115/09/14 2.公司名稱:三圓建設股份有限公司 3.與公司關係(請輸入本公司或子公司):本公司 4.相互持股比例:不適用 5.發生緣由:依115年06月24日證櫃監字第1150201651號函規定辦理說明 (1)本公司發行112年度第一次有擔保普通公司債，總發行金額新台幣350,000,000元及 利息新台幣5,775,000元，將於115年09月19日到期 (2)本公司發行國內第三次有擔保轉換公司債$955,900,000元，將於115年09月30日可執 行賣回權，若執行賣回權需支付利息新台幣21,700,000元 (3)償還資金來源： 本公司向銀行申請融資額度，支應",unverified
e305e97c957f730c,4416,2026-09-14,16:05:55,other,,tpex,https://www.tpex.org.tw/openapi/v1/mopsfin_t187ap04_O,公告本公司之關係人退票事宜,第28款,2026-09-14,"1.關係人或主要債務人或其連帶保證人名稱:山圓建設股份有限公司 2.事實發生日:115/09/14 3.發生緣由:本公司於115/09/14接獲通知，山圓建設(股)公司於115/09/14因存款不足 發生退票資訊如下:合作金庫銀行之支票1張，金額合計:新台幣50,000,000元。 4.債權種類或背書保證金額及其所占資產比例:不適用 5.債權有無保全措施:不適用 6.對公司財務、業務之影響及預計可能損失:本公司第二季財報帳列 (1)其他應收款-其他關係人-山圓共計新台幣373,579仟元，提列減損新台幣373,579仟元 (2)資金融通-其他關係人-山圓共計新台幣87,795仟元，提列減損新台",unverified
17dc5b8fdf7a627c,4173,2026-09-14,16:14:07,guidance,,tpex,https://www.tpex.org.tw/openapi/v1/mopsfin_t187ap04_O,本公司受統一證券邀請舉辦線上公開法人說明會,第12款,2026-09-15,符合條款第四條第XX款：12  事實發生日：115/09/15  1.召開法人說明會之日期：115/09/15  2.召開法人說明會之時間：15 時 00 分   3.召開法人說明會之地點：線上法說會  4.法人說明會擇要訊息：本公司受統一證券邀請舉辦線上公開法人說明會  5.其他應敘明事項：無  完整財務業務資訊請至公開資訊觀測站之法人說明會一覽表或法說會項目下查閱。,unverified
38972bc2cb35f274,4417,2026-09-14,16:16:51,guidance,,tpex,https://www.tpex.org.tw/openapi/v1/mopsfin_t187ap04_O,本公司受邀參加凱基證券舉辦之線上法人說明會,第12款,2026-09-15,符合條款第四條第XX款：12  事實發生日：115/09/15  1.召開法人說明會之日期：115/09/15  2.召開法人說明會之時間：14 時 30 分   3.召開法人說明會之地點：採線上法人說明會形式進行  4.法人說明會擇要訊息：本公司受邀參加凱基證券舉辦之「線上法人說明會」，向投資人說明本公司營運狀況及相關財務業務情形。  5.其他應敘明事項：無  完整財務業務資訊請至公開資訊觀測站之法人說明會一覽表或法說會項目下查閱。,unverified
bb4e4f2d68cfe529,4749,2026-09-14,16:19:23,other,,tpex,https://www.tpex.org.tw/openapi/v1/mopsfin_t187ap04_O,本公司受邀參加機構投資人說明會,第12款,2026-09-15,符合條款第四條第XX款：12  事實發生日：115/09/15  1.召開法人說明會之日期：115/09/15 ~ 115/09/23  2.召開法人說明會之時間：10 時 00 分   3.召開法人說明會之地點：9/15:W Hotel Taipei；  9/21~9/23:線上法說會  4.法人說明會擇要訊息：9/15:本公司受邀參加UBS舉辦之UBS Taiwan Summit 2026，說明本公司之營運概況；  9/21~9/23:本公司受邀參加美林證券舉辦之2026 Asia Pacific Conference，說明本公司之營運概況  5.其他應敘明事項：無  完整財務業務資訊請至,unverified
801552ae1c3cad21,8176,2026-09-14,16:27:55,governance,negative,tpex,https://www.tpex.org.tw/openapi/v1/mopsfin_t187ap04_O,"更正公告本公司董事會決議辦理減資彌補虧損
(畸零股處理事宜)",第11款,2026-04-01,"1.董事會決議日期:115/04/01 2.減資緣由:為改善公司財務結構擬辦理減資彌補虧損 3.減資金額:119,010,000元 4.消除股份:11,901,000股 5.減資比率:16.59809487% 6.減資後股本:598,000,000元 7.預定股東會日期:115/05/20 8.預計減資新股上櫃後之上櫃普通股股數:59,800,000股 9.預計減資新股上櫃後之上櫃普通股股數占已發行普通股比率 （減資後上櫃普通股股數/減資後已發行普通股):100% 10.前二項預計減資後上櫃普通股股數未達500萬股且未達25%者，請說明 股權流通性偏低之因應措施:不適用 11.減資基準日:待1",unverified
5d86f46cff6b1ada,8176,2026-09-14,16:28:38,governance,,tpex,https://www.tpex.org.tw/openapi/v1/mopsfin_t187ap04_O,公告本公司辦理減資資本變更登記完成,第36款,2026-09-14,"1.主管機關核准減資日期:115/08/19 2.辦理資本變更登記完成日期:115/09/11 3.對財務報告之影響（含實收資本額與流通在外股數之差異與對每股淨值之影響）:                實收資本額(元)        流通在外股數(股)      每股淨值(元) 減資前            717,010,000             71,701,000            8.21 減資後            598,000,000             59,800,000            9.85 註:上述每股淨值係依最近期公告之115年第2季合併財務",unverified
b485ce2319a1fac8,4907,2026-09-14,16:32:21,risk,negative,tpex,https://www.tpex.org.tw/openapi/v1/mopsfin_t187ap04_O,本公司建案停工說明。,第26款,2026-08-26,"1.事實發生日：115/08/26  2.事實發生主體：本公司  3.發生緣由(事件說明)：本公司台中市龍井區新建工程「富宇綻」，因日前連日大雨引發周邊局部鄰損事件。  4.處理過程：本案近期施工所涉相關事項，於接獲主管機關相關要求後，即配合辦理相關程序，  並偕同建築、結構等專業單位進行檢視、評估及必要處置。  5.處分情形：主管機關已勒令該工程停工。  6.是否遭裁處罰鍰：是  7.裁罰金額(元)：新台幣 90,000 元  8.預計可能損失或影響：經初步評估，本事件對本公司財務及業務尚無重大影響。  9.可能獲得保險理賠之金額(元)：不適用  10.改善情形及未來因應措施：經相關專業檢視",unverified
cb027145e4d38b0d,4907,2026-09-14,16:32:54,cashflow,,tpex,https://www.tpex.org.tw/openapi/v1/mopsfin_t187ap04_O,更正本公司115年6月至8月背書保證資訊揭露明細表。,第53款,2026-09-14,"1.事實發生日:115/09/14 2.公司名稱:富宇地產股份有限公司 3.與公司關係(請輸入本公司或子公司):本公司 4.相互持股比例:不適用。 5.發生緣由:更正本公司115年6月至8月背書保證資訊揭露明細表 6.更正資訊項目/報表名稱:115年6月至8月背書保證資訊揭露明細表 7.更正前金額/內容/頁次:6月至8月無為他人背書保證 8.更正後金額/內容/頁次: (1)6月 背書保證者公司名稱:富宇地產股份有限公司 被背書保證對象:盛傑營造股份有限公司 被背書保證關係:5 被背書保證持股比例：0 對單一企業背書保證之限額：新台幣920,456仟元 累計至本月止最高餘額：新台幣5,000仟元",unverified
45c28a78e5fa8f14,4138,2026-09-14,16:34:26,guidance,,tpex,https://www.tpex.org.tw/openapi/v1/mopsfin_t187ap04_O,公告本公司受統一證券邀請舉辦公開法人說明會,第12款,2026-09-15,符合條款第四條第XX款：12  事實發生日：115/09/15  1.召開法人說明會之日期：115/09/15  2.召開法人說明會之時間：15 時 40 分   3.召開法人說明會之地點：線上法人說明會  4.法人說明會擇要訊息：本公司受統一證券邀請舉辦線上人說明會  5.其他應敘明事項：無  完整財務業務資訊請至公開資訊觀測站之法人說明會一覽表或法說會項目下查閱。,unverified
8d4ad6b9086b5715,6217,2026-09-14,16:41:19,cashflow,,tpex,https://www.tpex.org.tw/openapi/v1/mopsfin_t187ap04_O,"代重要子公司東莞中探探針有限公司依「公開發行公司資金
貸與及背書保證處理準則」第25條第1項第4款規定公告",第22款,2026-09-14,"1.事實發生日:115/09/14  2.被背書保證之:  (1)公司名稱:中探探針(福建)有限公司  (2)與提供背書保證公司之關係:  保證公司：東莞中探探針有限公司  東莞中探探針有限公司與中探探針(福建)有限公司皆為本公司100%持有之子公司  (3)背書保證之限額(仟元):6,271,315  (4)原背書保證之餘額(仟元):494,970  (5)本次新增背書保證之金額(仟元):377,120  (6)迄事實發生日止背書保證餘額(仟元):872,090  (7)被背書保證公司實際動支金額(仟元):94,280  (8)本次新增背書保證之原因:  子公司向銀行申請融資額度，銀行要求東",unverified
4eb21b2bc36eb822,6111,2026-09-14,16:46:03,governance,,tpex,https://www.tpex.org.tw/openapi/v1/mopsfin_t187ap04_O,"(更正公告)本公司重編民國一一四年第二季及第三季合併財務
報告之董事會召開日期。",第31款,2026-09-07,1.董事會召集通知日:115/09/07 2.董事會預計召開日期:115/09/15 3.預計提報董事會或經董事會決議之財務報告或年度自結財務資訊年季: 重編民國一一四年第二季及第三季合併財務報告。 4.其他應敘明事項: (1)因配合子公司安瑞科技股份有限公司及揚智科技股份有限公司 重編財報，故本公司重編前述財報。 (2)係更正原115年9月7日之重大訊息，因上述子公司重編財報對 本公司之114年度合併及個體財務報告無重大影響未達重編標準。,unverified
0646a3277491fc82,4442,2026-09-14,17:03:00,other,,tpex,https://www.tpex.org.tw/openapi/v1/mopsfin_t187ap04_O,公告本公司受邀參加櫃買中心舉辦之115/09/16「業績發表會」,第12款,2026-09-16,符合條款第四條第XX款：12  事實發生日：115/09/16  1.召開法人說明會之日期：115/09/16  2.召開法人說明會之時間：16 時 20 分   3.召開法人說明會之地點：櫃買中心11樓多功能資訊媒體區   (地址:台北市中正區羅斯福路二段100號11樓)  4.法人說明會擇要訊息：本公司受邀參加櫃買中心舉辦之「業績發表會」，  說明本公司115年第二季營運概況及未來展望。  5.其他應敘明事項：無。  完整財務業務資訊請至公開資訊觀測站之法人說明會一覽表或法說會項目下查閱。,unverified
79e4ed85c988bdff,5301,2026-09-14,17:11:55,other,,tpex,https://www.tpex.org.tw/openapi/v1/mopsfin_t187ap04_O,"公告本公司115年08月之銀行融資額度及使用情形與未來三個
月之現金收支及資金調度狀況暨股東往來餘額",第53款,2026-09-14,"1.事實發生日:115/09/14 2.公司名稱:寶得利國際股份有限公司 3.與公司關係(請輸入本公司或子公司):本公司 4.相互持股比例:不適用 5.發生緣由:依證券櫃檯買賣中心證櫃監字第1090012304號函辦理。 (1)銀行融資額度及使用情形:(單位:新台幣仟元)  項  目      銀行融資額度     使用情形(已動用額度) ----------   -------------    -------------- 115年08月      11,006           11,006 -----------------------------------------------",unverified
e023f4e3d2ec3a69,3259,2026-09-14,17:12:25,other,negative,tpex,https://www.tpex.org.tw/openapi/v1/mopsfin_t187ap04_O,公告本公司新任稽核主管,第8款,2026-09-14,1.人員變動別（請輸入發言人、代理發言人、重要營運主管 (如:執行長、營運長、行銷長及策略長等)、財務主管、會計 主管、公司治理主管、資訊安全長、研發主管、內部稽核主管或訴訟及非 訟代理人）:內部稽核主管 2.發生變動日期:115/09/14 3.舊任者姓名、級職及簡歷:不適用 4.新任者姓名、級職及簡歷:戴江淮稽核主管/能資國際股份有限公司電腦程式設計師 5.異動情形（請輸入「辭職」、「職務調整」、「資遣」、 「退休」、「死亡」、「新任」或「解任」）:新任 6.異動原因:新任 7.生效日期:115/09/14 8.其他應敘明事項:新任內部稽核主管任命案，將提報最近期董事會審議。,unverified
8741507a8037af0b,6187,2026-09-14,17:26:26,other,,tpex,https://www.tpex.org.tw/openapi/v1/mopsfin_t187ap04_O,本公司受邀參加「UBS Taiwan Summit 2026」,第12款,2026-09-15,符合條款第四條第XX款：12  事實發生日：115/09/15  1.召開法人說明會之日期：115/09/15  2.召開法人說明會之時間：12 時 00 分   3.召開法人說明會之地點：台北W飯店  4.法人說明會擇要訊息：本公司受邀參加「UBS Taiwan Summit 2026」，說明本公司簡介與營運概況。  5.其他應敘明事項：無  完整財務業務資訊請至公開資訊觀測站之法人說明會一覽表或法說會項目下查閱。,unverified
38e11b1ebe7b539e,8936,2026-09-14,17:30:24,other,,tpex,https://www.tpex.org.tw/openapi/v1/mopsfin_t187ap04_O,公告本公司國內第五次有擔保轉換公司債轉換價格調整,第53款,2026-09-14,1.事實發生日:115/09/14 2.公司名稱:國統國際股份有限公司 3.與公司關係(請輸入本公司或子公司):本公司 4.相互持股比例:不適用 5.發生緣由:因應本公司辦理除息作業，依本公司國內第五次有擔保轉換公司債發行　 轉換辦法規定調整轉換價格。 6.因應措施:自除息基準日115年10月30日起，國內第五次有擔保轉換公司債轉換價格， 由新台幣55元調整為新台幣51.7元 7.其他應敘明事項(若事件發生或決議之主體係屬公開發行以上公司， 本則重大訊息同時符合證券交易法施行細則第7條第9款所定 對股東權益或證券價格有重大影響之事項):無,unverified
adfdf6197fab1053,8044,2026-09-14,17:31:05,cashflow,,tpex,https://www.tpex.org.tw/openapi/v1/mopsfin_t187ap04_O,"代子公司二十一世紀數位科技(股)公司公告對拍付國際資訊(股)
公司達公開發行公司資金貸與及背書保證處理準則第二十二條
第一項第三款規定",第23款,2026-09-14,"1.事實發生日:115/09/14  2.接受資金貸與之:  (1)公司名稱:拍付國際資訊(股)公司  (2)與資金貸與他人公司之關係:  二十一世紀數位科技(股)公司、拍付國際資訊(股)公司同為本公司之子公司  (3)資金貸與之限額(仟元):1,147,298  (4)原資金貸與之餘額(仟元):0  (5)本次新增資金貸與之金額(仟元):180,000  (6)是否為董事會授權董事長對同一貸與對象分次撥貸或循環動用之資金貸與:是  (7)迄事實發生日止資金貸與餘額(仟元):180,000  (8)本次新增資金貸與之原因:  償還借款、短期週轉及營運上可能之資金需求  3.接受資金貸與公司所提",unverified
983a986afbc70cc6,8044,2026-09-14,17:31:23,other,,tpex,https://www.tpex.org.tw/openapi/v1/mopsfin_t187ap04_O,"代子公司二十一世紀金融科技株式會社公告
決議召開股東會事宜",第17款,2026-09-14,"1.董事會決議日期:115/09/14 2.股東臨時會召開日期:115/10/07 3.股東臨時會召開地點:  台北市大安區敦化南路二段105號B1樓大會議室 4.召集事由一、報告事項:無 5.召集事由二、承認事項:無 6.召集事由三、討論事項: (1) 擬減少資本金金額     擬減少資本金日幣763,972,678元 7.召集事由四、選舉事項:無 8.召集事由五、其他議案:無 9.召集事由六、臨時動議:無 10.停止過戶起始日期:NA 11.停止過戶截止日期:NA 12.其他應敘明事項:無",unverified
49f74441e5483bea,8936,2026-09-14,17:31:26,other,,tpex,https://www.tpex.org.tw/openapi/v1/mopsfin_t187ap04_O,公告本公司國內第六次無擔保轉換公司債轉換價格調整,第53款,2026-09-14,1.事實發生日:115/09/14 2.公司名稱:國統國際股份有限公司 3.與公司關係(請輸入本公司或子公司):本公司 4.相互持股比例:不適用 5.發生緣由:因應本公司辦理除息作業，依本公司國內第六次無擔保轉換公司債發行　 轉換辦法規定調整轉換價格。 6.因應措施:自除息基準日115年10月30日起，國內第六次無擔保轉換公司債轉換價格， 由新台幣53.8元調整為新台幣50.6元 7.其他應敘明事項(若事件發生或決議之主體係屬公開發行以上公司， 本則重大訊息同時符合證券交易法施行細則第7條第9款所定 對股東權益或證券價格有重大影響之事項):無,unverified
0c7b9605e4cfb6b3,4538,2026-09-14,17:33:18,governance,,tpex,https://www.tpex.org.tw/openapi/v1/mopsfin_t187ap04_O,公告本公司取得私募基金,第20款,2026-07-06,"1.標的物之名稱及性質（屬特別股者，並應標明特別股約定發行條件，如股息率等）:  統一趨勢先機基金  2.事實發生日:115/7/6~115/7/6  3.董事會通過日期: 不適用  4.其他核決日期:  核決層級:董事長核決  民國115年7月6日  5.交易數量、每單位價格及交易總金額:  交易單位數量:1,000,000股 每單位價格:10元。 承諾交易總金額:新台幣 壹仟萬元。  6.交易相對人及其與公司之關係（交易相對人如屬自然人，且非公司之  關係人者，得免揭露其姓名）:  交易相對人：統一投信 與公司之關係:非關係人  7.交易相對人為關係人者，並應公告選定關係人為交易對象之原因",unverified
c72c89df1acd341f,5274,2026-09-14,17:36:01,contract,,tpex,https://www.tpex.org.tw/openapi/v1/mopsfin_t187ap04_O,公告本公司董事會決議與供應商簽訂產能採購合約,第10款,2026-09-14,1.事實發生日:115/09/14 2.契約或承諾相對人:日月光半導體製造股份有限公司 3.與公司關係:無 4.契約或承諾起迄日期（或解除日期）:116/01/01~117/12/31 5.主要內容（解除者不適用）:  為確保產能之穩定供應，本公司與供應商簽訂為期2年之採購合約。 6.限制條款（解除者不適用）:依合約規定。 7.承諾事項（解除者不適用）:依合約規定。 8.其他重要約定事項（解除者不適用）:依合約規定。 9.對公司財務、業務之影響:確保產能供應來源穩定，對本公司未來財務及業務發展具  正面效益。 10.具體目的:因應公司營運發展需求。 11.其他應敘明事項(若事件發生或決議之主體,unverified
b68cc9a62f3ed8a6,7805,2026-09-14,17:48:24,governance,,tpex,https://www.tpex.org.tw/openapi/v1/mopsfin_t187ap04_O,公告本公司董事會通過向關係人取得使用權資產(續租辦公室),第20款,2026-09-14,"1.標的物之名稱及性質（如坐落台中市北區ＸＸ段ＸＸ小段土地）:  新北市汐止區中興路32號5樓、6樓及34號5樓、6樓廠辦空間  2.事實發生日:115/9/14~115/9/14  3.董事會通過日期: 民國115年9月14日  4.其他核決日期: 不適用  5.交易單位數量（如ＸＸ平方公尺，折合ＸＸ坪）、每單位價格及交易總金額:  交易數量：租賃面積981.092坪 每單位價格：每坪租金每個月約新台幣330.24元(含稅) 每月租金：新台幣324,000元(含稅) 合計總金額：新臺幣19,440,000元(含稅) 使用權資產金額：新台幣17,557,749元(未稅)  6.交易相對人及其與",unverified
0f064dffd1af0e27,7842,2026-09-14,17:50:21,capital,,tpex,https://www.tpex.org.tw/openapi/v1/mopsfin_t187ap04_O,公告本公司第一次買回庫藏股執行完畢,第35款,2026-09-14,"1.原預定買回股份總金額上限(元):266,817,726  2.原預定買回之期間:115/08/06~115/10/05  3.原預定買回之數量(股):825,000  4.原預定買回區間價格(元):80.00~135.00  5.本次實際買回期間:115/08/11~115/09/14  6.本次已買回股份數量(股):825,000  7.本次已買回股份總金額(元):79,390,359  8.本次平均每股買回價格(元):96.23  9.累積已持有自己公司股份數量(股):825,000  10.累積已持有自己公司股份數量占公司已發行股份總數之比率(%):4.52  11.本次未執行完畢之",unverified
feb3ad8c49dc6d66,6488,2026-09-14,17:52:03,risk,,tpex,https://www.tpex.org.tw/openapi/v1/mopsfin_t187ap04_O,公告本公司義大利Novara廠火災事件補充說明,第53款,2026-09-14,1.事實發生日:115/09/14 2.公司名稱:環球晶圓股份有限公司 3.與公司關係(請輸入本公司或子公司):本公司 4.相互持股比例:不適用 5.發生緣由:補充說明115/7/22本公司義大利Novara廠火災事件。 6.因應措施: 針對當地時間115/7/20發生於義大利Novara廠8吋產線的火災事件， 復原工作持續推進，廠區已正式啟動部分復工，整體復原進度較原先規劃略為提前。 目前所有關鍵廠務系統均已恢復運作，部分前段製程亦陸續恢復生產； 磊晶（EPI）製程亦已於晶圓製造（wafering）產線重啟前率先恢復運作， 且首批產品已完成加工並開始出貨。 Novara廠已投保財產綜合保險，,unverified
4cffbb2299859c41,7805,2026-09-14,18:06:14,governance,,tpex,https://www.tpex.org.tw/openapi/v1/mopsfin_t187ap04_O,公告本公司董事會決議現金增資子公司Beyond Legend Limited,第20款,2026-09-14,"1.標的物之名稱及性質（屬特別股者，並應標明特別股約定發行條件，如股息率等）:  標的物之名稱：Beyond Legend Limited 標的物之性質：普通股  2.事實發生日:115/9/14~115/9/14  3.董事會通過日期: 民國115年9月14日  4.其他核決日期: 不適用  5.交易數量、每單位價格及交易總金額:  美金8,000,000元(約新台幣254,400,000元)  6.交易相對人及其與公司之關係（交易相對人如屬自然人，且非公司之  關係人者，得免揭露其姓名）:  不適用  7.交易相對人為關係人者，並應公告選定關係人為交易對象之原因及前次移  轉之所有人、前次",unverified
5480556592d9fe91,6840,2026-09-14,18:06:48,other,,tpex,https://www.tpex.org.tw/openapi/v1/mopsfin_t187ap04_O,本公司受邀參加永豐金證券2026年第三季產業高峰論壇,第12款,2026-09-16,符合條款第四條第XX款：12  事實發生日：115/09/16  1.召開法人說明會之日期：115/09/16  2.召開法人說明會之時間：14 時 30 分   3.召開法人說明會之地點：台北君悅酒店3樓(台北市信義區松壽路2號3樓)  4.法人說明會擇要訊息：本公司受邀參加永豐金證券2026年第三季產業高峰論壇  5.其他應敘明事項：相關資料請至公開資訊觀測站之法人說明會一欄表或法說會項下查閱。  完整財務業務資訊請至公開資訊觀測站之法人說明會一覽表或法說會項目下查閱。,unverified
a86f6afdb3323750,3141,2026-09-14,18:32:35,governance,,tpex,https://www.tpex.org.tw/openapi/v1/mopsfin_t187ap04_O,代重要子公司超核感科技股份有限公司公告減資變更登記完成,第36款,2026-09-14,"1.主管機關核准減資日期:115/09/11 2.辦理資本變更登記完成日期:115/09/11 3.對財務報告之影響（含實收資本額與流通在外股數之差異與對每股淨值之影響）: (1)減資前實收資本額為新台幣247,027,610元，    減資後實收資本額為新台幣67,916,010元。 (2)流通在外股數之差異與對每股淨值之影響：不適用 4.預計換股作業計畫:不適用 5.預計減資新股上櫃後之上櫃普通股股數:不適用 6.預計減資新股上櫃後之上櫃普通股股數占已發行普通股比率 （減資後上櫃普通股股數/減資後已發行普通股股數）:不適用 7.前二項預計減資後上櫃普通股股數未達500萬股且未達25%者， ",unverified
0deef690c88a37a9,5903,2026-09-14,18:43:15,guidance,,tpex,https://www.tpex.org.tw/openapi/v1/mopsfin_t187ap04_O,公告本公司受邀參加宏遠證券舉辦之線上法人說明會,第12款,2026-09-16,符合條款第四條第XX款：12  事實發生日：115/09/16  1.召開法人說明會之日期：115/09/16  2.召開法人說明會之時間：14 時 30 分   3.召開法人說明會之地點：線上會議  4.法人說明會擇要訊息：本公司受邀參加宏遠證券舉辦之法人說明會，說明本公司營運狀況。  5.其他應敘明事項：相關資訊請參考公開資訊觀測站  完整財務業務資訊請至公開資訊觀測站之法人說明會一覽表或法說會項目下查閱。,unverified
0bd109f50c2daa9b,6725,2026-09-14,18:48:23,cashflow,positive,tpex,https://www.tpex.org.tw/openapi/v1/mopsfin_t187ap04_O,"公告本公司背書保證&#12198;額達「公開發&#12175;公司
資&#12198;貸與及背書保證處理準則」第&#12038;&#12055;五條
第&#12032;項第四款之公告標準",第22款,2026-09-14,"1.事實發生日:115/09/14  2.被背書保證之:  (1)公司名稱:中國電子系統工程第三建設有限公司  (2)與提供背書保證公司之關係:  基於承攬&#12079;程需要之同業間依合約規定互保之公司  (3)背書保證之限額(仟元):4,744,812  (4)原背書保證之餘額(仟元):0  (5)本次新增背書保證之金額(仟元):469,914  (6)迄事實發生日止背書保證餘額(仟元):469,914  (7)被背書保證公司實際動支金額(仟元):469,914  (8)本次新增背書保證之原因:  基於承攬&#12079;程需要之同業間依合約規定互保  3.被背書保證公司提供擔保品之: ",unverified
0fd9250f6f17bb6b,5227,2026-09-14,18:59:02,other,,tpex,https://www.tpex.org.tw/openapi/v1/mopsfin_t187ap04_O,代子公司台灣立凱電能科技股份有限公司公告取得使用權資產,第20款,2026-09-14,"1.標的物之名稱及性質（如坐落台中市北區ＸＸ段ＸＸ小段土地）:  台南市柳營區柳營路一段207號之土地及其廠房  2.事實發生日:115/9/14~115/9/14  3.董事會通過日期: 民國115年8月11日  4.其他核決日期: 不適用  5.交易單位數量（如ＸＸ平方公尺，折合ＸＸ坪）、每單位價格及交易總金額:  (1).租賃面積：土地面積12,364.97坪，建物面積5,895.72坪 (2).每單位價格(未稅)：每月租金新台幣3,600,000元，每三年固定調漲3% (3).交易總金額：使用權資產金額新台幣387,850,722元  6.交易相對人及其與公司之關係（交易相對人如屬自然",unverified
8fc764ec98e33b3d,3631,2026-09-14,23:15:34,governance,,tpex,https://www.tpex.org.tw/openapi/v1/mopsfin_t187ap04_O,代子公司晟裕科技股份有限公司公告決議辦理現金增資,第53款,2026-09-14,"1.事實發生日:115/09/14 2.公司名稱:晟裕科技股份有限公司 3.與公司關係(請輸入本公司或子公司):子公司 4.相互持股比例:67.43% 5.發生緣由: 因應正式營運後之資金需求外另欲投資建置AI算力資料中心機房，及償還銀行借款。 (1)子公司晟裕科技股份有限公司本次擬增資，發行普通股份10,000仟股    ，認購價格為每股新台幣肆拾元，募得總金額為新台幣肆億元整。  (2)本次發行新股除依法保留發行新股總額10%，由本公司員工認購外，    其餘90%由原股東按認股基準日股東名簿所載持股比例認購。認購不足一股之畸零    股，由股東於停止過戶日起5日內向本公司辦理併湊成整股認",unverified
