代號,名稱,產業,進榜次數,首次進榜,報酬60D,觸發次數
2891,中信金,金融保險,13,2025-01-03,3.1,3
2753,八方雲集,觀光事業,8,2025-05-02,2.4,0
1215,卜蜂,食品工業,7,2025-06-05,17.5,1
6944,兆聯實業,綠能環保,7,2025-01-22,-11.8,3
2812,台中銀,金融保險,6,2025-03-07,9.05,1
3260,威剛,半導體業,5,2025-07-30,68.8,3
5475,德宏,電子零組件業,5,2025-07-16,49.6,4
5439,高技,電子零組件業,5,2025-02-26,34.7,4
4772,台特化,化學工業,5,2025-03-04,2.5,1
4303,信立,塑膠工業,5,2025-02-21,-2.1,3
6138,茂達,半導體業,5,2025-09-12,-2.7,1
2316,楠梓電,電子工業,5,2025-08-20,-9.0,4
6670,復盛應用,其他,5,2025-02-20,-14.2,2
3596,智易,通信網路業,5,2025-02-13,-16.1,1
8422,可寧衛,其他,5,2025-11-07,,1
1815,富喬,電子零組件業,4,2025-02-06,71.2,4
6510,精測,半導體業,4,2025-02-12,68.4,1
8021,尖點,其他電子業,4,2025-08-07,62.45,4
3665,貿聯-KY,其他電子業,4,2025-02-11,42.7,0
8358,金居,電子零組件業,4,2025-08-08,42.65,3
2301,光寶科,電腦及週邊設備業,4,2025-06-26,36.9,3
6274,台燿,電子零組件業,4,2025-07-01,27.3,1
6257,矽格,半導體業,4,2025-07-23,17.950000000000003,1
2880,華南金,金融保險,4,2025-01-09,-0.25000000000000006,1
3090,日電貿,電子工業,4,2025-05-15,-2.0,0
2609,陽明,航運業,4,2025-03-18,-6.550000000000001,0
2328,廣宇,電子零組件業,4,2025-02-13,-9.15,2
3551,世禾,其他電子類,4,2025-01-14,-13.1,1
6005,群益證,金融保險,4,2025-01-02,-15.6,0
2308,台達電,電子工業,4,2025-01-07,-23.5,1
2408,南亞科,半導體業,3,2025-09-15,156.7,2
4722,國精化,化學工業,3,2025-06-09,110.2,3
8299,群聯,半導體業,3,2025-09-18,67.85,2
6209,今國光,光電業,3,2025-09-22,48.6,1
8271,宇瞻,半導體業,3,2025-08-07,48.3,1
5289,宜鼎,電腦及週邊設備業,3,2025-09-09,44.8,2
6290,良維,電子零組件業,3,2025-07-11,39.6,1
2645,長榮航太,航運業,3,2025-06-02,37.8,2
3017,奇鋐,電子工業,3,2025-10-02,37.3,1
6669,緯穎,電子工業,3,2025-06-25,37.25,3
5284,jpp-KY,其他,3,2025-07-10,33.15,1
2421,建準,電子工業,3,2025-07-03,29.1,1
6139,亞翔,電子工業,3,2025-06-20,27.65,2
5314,世紀*,半導體業,3,2025-01-13,26.9,2
5469,瀚宇博,電子零組件業,3,2025-07-18,17.65,3
2429,銘旺科,電子零組件業,3,2025-06-05,17.5,3
3044,健鼎,電子工業,3,2025-06-23,16.55,1
3005,神基,電子工業,3,2025-06-19,16.4,0
2383,台光電,電子工業,3,2025-02-07,11.5,2
6739,竹陞科技,其他電子業,3,2025-02-14,10.6,3
8088,品安,半導體業,3,2025-09-08,9.6,2
6691,洋基工程,其他電子業,3,2025-06-24,9.3,0
2597,潤弘,建材營造,3,2025-05-12,8.2,1
3264,欣銓,半導體業,3,2025-06-11,6.25,1
2329,華泰,半導體業,3,2025-08-25,6.1,1
3163,波若威,通信網路業,3,2025-03-17,2.9,2
3036,文曄,電子工業,3,2025-06-04,2.2,2
4931,新盛力,電腦及週邊設備業,3,2025-03-11,0.7,3
6752,叡揚,資訊服務業,3,2025-02-05,-0.8,2
3515,華擎,電子工業,3,2025-08-01,-0.8499999999999996,2
6757,台灣虎航-創,創新版股票,3,2025-01-02,-3.9,1
4971,IET-KY,半導體業,3,2025-02-06,-5.0,3
6781,AES-KY,電子工業,3,2025-01-07,-5.4,0
3434,哲固,光電業,3,2025-04-08,-6.0,0
3528,安馳,電子工業,3,2025-03-14,-7.0,3
3078,僑威,電子零組件業,3,2025-03-26,-9.0,0
3563,牧德,光電業,3,2025-03-18,-10.7,0
6831,邁科,電腦及週邊設備業,3,2025-08-14,-12.6,2
2885,元大金,金融保險,3,2025-01-03,-12.8,0
8111,立碁,光電業,3,2025-03-19,-16.4,3
4991,環宇-KY,半導體業,3,2025-02-10,-17.65,2
3711,日月光投控,半導體業,3,2025-02-14,-17.75,0
2610,華航,航運業,3,2025-01-17,-19.0,1
3015,全漢,電子工業,3,2025-02-07,-19.1,0
2330,台積電,半導體業,3,2025-01-22,-19.6,2
6472,保瑞,生技醫療業,3,2025-02-14,-20.4,0
6148,驊宏資,資訊服務業,3,2025-03-21,-21.0,2
6499,益安,生技醫療業,3,2025-05-21,-23.4,1
3363,上詮,通信網路業,3,2025-01-07,-39.2,3
1608,華榮,電器電纜,3,2025-10-07,,1
1727,中華化,化學工業,3,2025-11-17,,2
2211,長榮鋼,鋼鐵工業,3,2025-11-05,,0
2337,旺宏,半導體業,3,2025-10-20,,1
2451,創見,半導體業,3,2025-10-16,,2
2467,志聖,電子工業,3,2025-12-08,,2
2612,中航,航運業,3,2025-10-16,,1
4989,榮科,電子零組件業,3,2025-10-08,,3
6696,仁新*,生技醫療業,3,2025-10-09,,0
2344,華邦電,半導體業,2,2025-09-15,178.4,1
2368,金像電,電子零組件業,2,2025-06-05,78.2,2
2404,漢唐,其他電子業,2,2025-01-17,43.1,1
6196,帆宣,其他電子業,2,2025-05-22,37.6,1
6919,康霈*,生技醫療業,2,2025-06-05,37.45,2
6826,和淞,其他電子業,2,2025-04-29,29.650000000000002,1
5274,信驊,半導體業,2,2025-09-18,26.1,1
6191,精成科,電子工業,2,2025-06-27,25.099999999999998,2
1504,東元,電機機械,2,2025-08-21,19.549999999999997,2
2468,華經,資訊服務業,2,2025-03-11,19.05,1
3211,順達,電腦及週邊設備業,2,2025-06-25,17.2,2
1616,億泰,電器電纜,2,2025-05-20,16.4,1
4760,勤凱,其他電子類,2,2025-08-25,11.7,1
8046,南電,電子工業,2,2025-08-27,11.7,1
3162,精確,電機機械,2,2025-02-11,10.1,2
6596,寬宏藝術,文化創意業,2,2025-06-09,8.350000000000001,1
3379,彬台,電機機械,2,2025-02-18,7.6000000000000005,1
5392,能率,光電業,2,2025-08-19,6.550000000000001,0
2480,敦陽科,資訊服務業,2,2025-02-04,5.8,1
2607,榮運,航運業,2,2025-05-22,5.75,0
3217,優群,電子零組件業,2,2025-07-23,5.7,1
6190,萬泰科,通信網路業,2,2025-07-21,5.2,1
6213,聯茂,電子工業,2,2025-07-28,3.8,1
3231,緯創,電子工業,2,2025-06-20,2.6,1
4541,晟田,其他,2,2025-03-19,-0.6500000000000004,2
3709,鑫聯大投控,電腦及週邊設備業,2,2025-04-23,-0.7,2
6291,沛亨,半導體業,2,2025-09-03,-0.9,1
6227,茂綸,電子通路業,2,2025-02-10,-1.25,1
4916,事欣科,電腦及週邊設備業,2,2025-02-19,-1.75,2
7402,邑錡,光電業,2,2025-08-25,-3.6500000000000004,1
2630,亞航,航運業,2,2025-08-08,-4.8999999999999995,2
2454,聯發科,半導體業,2,2025-01-06,-5.3500000000000005,1
2727,王品,觀光事業,2,2025-06-27,-5.85,0
8234,新漢,電腦及週邊設備業,2,2025-02-10,-6.000000000000001,2
3705,永信,化學生技醫療,2,2025-04-28,-6.75,0
4763,材料*-KY,化學工業,2,2025-02-10,-7.6,1
4766,南寶,化學工業,2,2025-07-31,-11.5,0
2247,汎德永業,汽車工業,2,2025-07-28,-11.95,0
6923,中台,綠能環保,2,2025-09-16,-12.7,1
2881,富邦金,金融保險,2,2025-01-16,-12.75,0
3526,凡甲,電子零組件業,2,2025-02-06,-13.5,0
1210,大成,食品工業,2,2025-05-26,-15.149999999999999,0
2606,裕民,航運業,2,2025-02-13,-15.8,2
2745,五福,觀光事業,2,2025-06-12,-16.45,1
1319,東陽,汽車工業,2,2025-03-19,-17.9,0
3257,虹冠電,半導體業,2,2025-09-12,-18.5,0
3059,華晶科,光電業,2,2025-08-21,-19.200000000000003,2
3594,磐儀,電腦及週邊設備業,2,2025-01-06,-24.05,0
3305,昇貿,其他電子業,2,2025-08-26,-24.25,0
8499,鼎炫-KY,其他,2,2025-08-28,-25.6,0
6753,龍德造船,航運業,2,2025-08-29,-25.9,2
6215,和椿,其他電子業,2,2025-01-20,-29.0,2
3081,聯亞,通信網路業,2,2025-01-16,-46.2,2
1303,南亞,塑膠工業,2,2025-11-11,,1
1519,華城,電機機械,2,2025-10-30,,1
2515,中工,建材營造,2,2025-10-30,,0
3026,禾伸堂,電子工業,2,2025-10-20,,1
3324,雙鴻,其他電子類,2,2025-10-15,,1
3535,晶彩科,光電業,2,2025-11-03,,1
3706,神達,電子工業,2,2025-10-09,,0
3715,定穎投控,電子零組件業,2,2025-10-09,,1
4739,康普,化學工業,2,2025-11-13,,0
4764,雙鍵,化學工業,2,2025-12-15,,2
4768,晶呈科技,化學工業,2,2025-12-10,,1
4939,亞電,電子零組件業,2,2025-11-25,,2
5340,建榮,電子零組件業,2,2025-11-12,,2
5498,凱崴,電子零組件業,2,2025-11-25,,1
6531,愛普*,半導體業,2,2025-11-06,,1
6770,力積電,半導體業,2,2025-10-27,,2
8039,台虹,電子工業,2,2025-10-22,,2
8043,蜜望實,電子零組件業,2,2025-11-14,,2
8110,華東,電子工業,2,2025-10-20,,2
8390,金益鼎,其他,2,2025-11-24,,1
8932,智通*,其他,1,2025-06-09,91.6,1
6223,旺矽,半導體業,1,2025-09-05,43.4,1
8210,勤誠,電子工業,1,2025-06-18,39.3,1
6515,穎崴,電子工業,1,2025-09-18,37.1,1
8033,雷虎,其他,1,2025-08-01,24.1,1
2374,佳能,光電業,1,2025-08-08,23.4,1
7750,新代,電機機械,1,2025-08-11,11.5,1
3297,杭特,光電業,1,2025-06-27,8.0,1
2884,玉山金,金融保險,1,2025-06-25,7.4,1
6591,動力-KY,電子工業,1,2025-08-11,6.9,0
2481,強茂,半導體業,1,2025-09-18,6.0,1
3694,海華,通信網路業,1,2025-08-11,5.6,1
6672,騰輝電子-KY,電子工業,1,2025-08-15,4.8,1
2801,彰銀,金融保險,1,2025-08-11,3.8,0
3491,昇達科,通信網路業,1,2025-01-07,1.1,1
2059,川湖,電子工業,1,2025-09-10,0.4,1
3294,英濟,電子零組件業,1,2025-07-31,0.1,1
6104,創惟,半導體業,1,2025-02-17,0.1,1
5536,聖暉*,其他電子類,1,2025-08-15,-0.4,1
2345,智邦,通信網路業,1,2025-08-11,-1.5,1
2379,瑞昱,半導體業,1,2025-07-04,-2.8,0
2603,長榮,航運業,1,2025-05-13,-2.9,0
2466,冠西電,光電業,1,2025-04-15,-4.2,1
6165,浪凡,電子工業,1,2025-04-29,-4.4,0
2731,雄獅,觀光事業,1,2025-07-14,-4.8,0
2888,新光金,金融保險,1,2025-01-21,-4.9,1
4510,高鋒,電機機械,1,2025-02-21,-5.1,1
2883,凱基金,金融保險,1,2025-03-10,-5.4,0
3661,世芯-KY,半導體業,1,2025-07-16,-5.5,1
1612,宏泰,電器電纜,1,2025-08-14,-5.6,0
3605,宏致,電子工業,1,2025-08-12,-5.7,1
9907,統一實,其他,1,2025-05-08,-6.1,0
3689,湧德,電子零組件業,1,2025-08-11,-6.3,1
2208,台船,航運業,1,2025-09-04,-7.3,1
4572,駐龍,電機機械,1,2025-05-15,-7.4,0
2618,長榮航,航運業,1,2025-03-06,-8.4,0
5876,上海商銀,金融保險,1,2025-07-01,-9.0,0
2357,華碩,電子工業,1,2025-02-03,-9.1,2
6558,興能高,其他電子業,1,2025-01-16,-10.0,0
3004,豐達科,鋼鐵工業,1,2025-05-20,-10.4,1
5309,系統電,電子零組件業,1,2025-09-09,-10.8,1
6206,飛捷,電腦及週邊設備業,1,2025-02-10,-11.0,1
2547,日勝生,建材營造,1,2025-05-07,-11.2,0
1618,合機,電器電纜,1,2025-08-07,-11.3,0
6829,千附精密,電機機械,1,2025-03-18,-12.1,1
1717,長興,化學工業,1,2025-09-01,-12.5,0
1307,三芳,塑膠工業,1,2025-02-12,-14.1,0
2427,三商電,資訊服務業,1,2025-08-04,-14.1,1
8028,昇陽半導體,半導體業,1,2025-02-18,-14.1,1
6761,穩得,電子零組件業,1,2025-08-27,-14.5,1
1536,和大,汽車工業,1,2025-02-17,-15.3,1
3088,艾訊,電腦及週邊設備業,1,2025-01-07,-15.6,1
8261,富鼎,半導體業,1,2025-02-10,-15.8,0
3056,富華新,建材營造,1,2025-03-26,-16.2,0
2615,萬海,航運業,1,2025-05-20,-16.6,1
3147,大綜,資訊服務業,1,2025-04-23,-17.1,1
6166,凌華,電腦及週邊設備業,1,2025-02-21,-17.4,0
8937,合騏*,其他,1,2025-03-27,-18.1,1
6279,胡連,電子零組件業,1,2025-01-16,-18.9,0
5251,天鉞電,光電業,1,2025-06-17,-19.5,1
3205,佰研,生技醫療業,1,2025-08-29,-19.9,0
6925,意藍,數位雲端,1,2025-06-20,-20.1,1
4532,瑞智,電機機械,1,2025-05-12,-20.7,0
2882,國泰金,金融保險,1,2025-01-06,-20.8,0
6667,信紘科,其他電子類,1,2025-08-29,-21.1,1
6877,鏵友益,其他電子類,1,2025-03-07,-21.1,1
3022,威強電,電子工業,1,2025-02-24,-22.0,1
1569,濱川,電腦及週邊設備業,1,2025-02-19,-22.4,1
4162,智擎,生技醫療業,1,2025-02-05,-22.4,1
8222,寶一,電機機械,1,2025-05-06,-22.4,0
2543,皇昌,建材營造,1,2025-02-12,-22.5,1
6245,立端,通信網路業,1,2025-02-04,-22.5,0
2634,漢翔,航運業,1,2025-09-03,-23.2,1
3323,加百裕,電腦及週邊設備業,1,2025-03-20,-23.4,0
3558,神準,通信網路業,1,2025-02-20,-23.7,0
5203,訊連,電子工業,1,2025-02-19,-23.8,0
6727,亞泰金屬,電子零組件業,1,2025-09-10,-24.4,0
6140,訊達,資訊服務業,1,2025-07-14,-25.3,1
6949,沛爾生醫-創,創新版股票,1,2025-09-08,-25.4,0
8038,長園科,電子零組件業,1,2025-08-13,-25.7,1
2364,倫飛,電子工業,1,2025-08-11,-26.0,0
2377,微星,電子工業,1,2025-02-03,-26.0,0
5201,凱衛,資訊服務業,1,2025-04-25,-26.3,1
3714,富采,電子工業,1,2025-02-19,-26.4,0
5278,尚凡,電子商務業,1,2025-08-05,-26.6,0
5530,龍巖,其他,1,2025-03-20,-27.0,0
3030,德律,其他電子業,1,2025-08-22,-28.0,0
2417,圓剛,電子工業,1,2025-02-12,-28.3,1
6768,志強-KY,其他,1,2025-02-06,-28.7,0
1810,和成,玻璃陶瓷,1,2025-09-03,-29.1,1
2498,宏達電,通信網路業,1,2025-01-20,-29.1,0
3645,達邁,電子零組件業,1,2025-01-20,-30.0,0
4979,華星光,通信網路業,1,2025-01-08,-30.3,1
3128,昇銳,光電業,1,2025-07-07,-30.4,1
6725,矽科宏晟,其他電子業,1,2025-08-26,-30.7,0
7642,昶瑞機電,電機機械,1,2025-08-11,-30.8,0
1736,喬山,化學生技醫療,1,2025-03-04,-31.4,1
3376,新日興,電子零組件業,1,2025-02-14,-32.3,1
5202,力新,資訊服務業,1,2025-03-26,-32.4,1
3504,揚明光,光電業,1,2025-02-17,-32.7,1
6438,迅得,其他電子類,1,2025-02-05,-34.6,1
6682,華旭先進,光電業,1,2025-09-05,-39.0,0
1295,生合,食品工業,1,2025-09-05,-39.2,1
6418,詠昇,電子零組件業,1,2025-09-30,-40.3,0
3025,星通,電子工業,1,2025-01-06,-43.5,1
4749,新應材,光電業,1,2025-01-20,-43.7,0
3219,倚強股份,半導體業,1,2025-09-10,-46.3,0
1326,台化,塑膠工業,1,2025-12-02,,0
1528,恩德,電機機械,1,2025-12-29,,1
1587,吉茂,汽車工業,1,2025-12-16,,0
1605,華新,電器電纜,1,2025-12-26,,0
1784,訊聯,生技醫療業,1,2025-12-24,,0
1802,台玻,玻璃陶瓷,1,2025-12-09,,0
2009,第一銅,鋼鐵工業,1,2025-12-26,,1
2313,華通,電子工業,1,2025-12-12,,1
2317,鴻海,其他電子業,1,2025-10-21,,0
2327,國巨*,電子工業,1,2025-10-23,,1
2360,致茂,其他電子業,1,2025-10-13,,0
2369,菱生,電子工業,1,2025-12-12,,0
2402,毅嘉,電子工業,1,2025-12-09,,1
2406,國碩,光電業,1,2025-12-11,,1
2413,環科,電子工業,1,2025-12-23,,1
2441,超豐,半導體業,1,2025-12-10,,1
2449,京元電子,半導體業,1,2025-10-29,,1
2478,大毅,電子工業,1,2025-11-13,,0
2485,兆赫,通信網路業,1,2025-12-08,,0
2867,三商壽,金融保險,1,2025-12-18,,0
3006,晶豪科,電子工業,1,2025-12-24,,1
3037,欣興,電子工業,1,2025-11-13,,0
3105,穩懋,半導體業,1,2025-12-12,,0
3135,凌航,半導體業,1,2025-11-27,,1
3189,景碩,半導體業,1,2025-12-03,,0
3443,創意,半導體業,1,2025-11-24,,1
3543,州巧,光電業,1,2025-10-17,,1
3581,博磊,半導體業,1,2025-12-29,,0
3624,光頡,電子零組件業,1,2025-12-23,,0
3628,盈正,其他電子類,1,2025-11-03,,0
3653,健策,電子工業,1,2025-11-14,,1
4577,達航科技,其他電子類,1,2025-11-24,,1
4903,聯光通,通信網路業,1,2025-12-10,,0
4953,緯致,資訊服務業,1,2025-12-04,,0
4967,十銓,半導體業,1,2025-12-17,,1
4973,廣穎,半導體業,1,2025-12-24,,0
4977,眾達-KY,電子工業,1,2025-12-24,,0
5243,乙盛-KY,電子工業,1,2025-10-29,,1
5351,鈺創,半導體業,1,2025-12-26,,1
5386,青雲,電腦及週邊設備業,1,2025-12-31,,0
5521,工信,建材營造,1,2025-12-12,,1
6127,九豪,電子零組件業,1,2025-12-22,,1
6155,鈞寶,電子零組件業,1,2025-12-02,,1
6163,華電網,通信網路業,1,2025-11-28,,1
6175,立敦,電子零組件業,1,2025-12-03,,0
6239,力成,半導體業,1,2025-10-28,,1
6265,方土昶,電子通路業,1,2025-12-09,,1
6425,易發,電機機械,1,2025-12-12,,0
6426,統新,通信網路業,1,2025-12-23,,0
6442,光聖,通信網路業,1,2025-10-28,,1
6505,台塑化,油電燃氣業,1,2025-11-12,,0
6548,長科*,半導體業,1,2025-11-11,,0
6584,南俊國際,電子零組件業,1,2025-11-06,,1
6664,群翊,電子零組件業,1,2025-12-10,,1
6785,昱展新藥,生技醫療業,1,2025-12-08,,0
6788,華景電,半導體業,1,2025-12-31,,0
6903,巨漢,其他電子業,1,2025-12-16,,1
7751,竑騰,電子工業,1,2025-12-02,,1
7769,鴻勁,半導體業,1,2025-11-25,,1
8027,鈦昇,電機機械,1,2025-12-01,,1
8042,金山電,電子零組件業,1,2025-12-03,,0
8054,安國,半導體業,1,2025-11-27,,0
8074,鉅橡,電子零組件業,1,2025-11-25,,1
8103,瀚荃,電子工業,1,2025-10-15,,1
8131,福懋科,半導體業,1,2025-12-09,,0
8150,南茂,電子工業,1,2025-12-26,,0
8155,博智,電子零組件業,1,2025-10-08,,1
8996,高力,電機機械,1,2025-10-28,,0
